symbol,strategy,entry_timestamp,exit_timestamp,direction,entry_price,exit_price,quantity,gross_pnl,costs,net_pnl,return_pct,exit_reason
XAUUSD,MetalsStatArb,2015-12-03,2015-12-04,1,1054.4000244140625,1063.0,3.366971896599208,2895.587610929087,13.892126045368332,2881.6954848837186,0.008117142818441832,rebalance
USDCHF,FXStatArb,2015-11-06,2015-12-30,1,0.9976502393964415,0.9922000169754028,0.38544746199040736,-210.07743994725624,4.426632845568887,-214.50407279282513,-0.005578173794400046,rebalance
XAGUSD,MetalsStatArb,2015-12-03,2015-12-30,-1,13.854999542236328,13.925000190734863,3.0283343589175855,-1059.9268449731335,42.07113513902345,-1101.997980112157,-0.0052529159802918775,rebalance
EURUSD,RiskPreservation,2015-11-06,2016-01-04,1,1.0884946584701538,1.0855052471160889,2.2083119843839327,-660.155291943501,22.460764367707664,-682.6160563112086,-0.002839813163026211,de_risk
USDCHF,RiskPreservation,2015-11-06,2016-01-04,1,0.9976502393964415,0.9994000196456909,2.110312088956521,369.2582413008432,24.26605673141032,344.9921845694329,0.0016386426668383658,de_risk
EURUSD,RiskPreservation,2015-11-06,2016-01-06,1,1.0884946584701538,1.0751993656158447,0.883324793753573,-1174.4061818425923,8.966098865781762,-1183.372280708374,-0.01230763673241189,de_risk
USDCHF,RiskPreservation,2015-11-06,2016-01-06,1,0.9976502393964415,1.0084999799728394,0.8441248355826084,915.8535480165807,9.721785697594054,906.1317623189866,0.010759853657021737,de_risk
USDCHF,RiskPreservation,2015-11-06,2016-01-08,1,0.9976502393964415,0.9937700033187866,0.3376499342330434,-131.0161456428847,3.8787671277406317,-134.89491277062535,-0.00400452114374092,de_risk
EURUSD,RiskPreservation,2015-11-06,2016-01-08,1,1.0884946584701538,1.0927051305770874,0.3533299175014292,148.76857621849155,3.598810167291816,145.16976605119973,0.0037745871992579086,de_risk
EURUSD,RiskPreservation,2015-11-06,2016-01-13,1,1.0884946584701538,1.0843987464904785,0.14133196700057168,-57.88832967487148,1.4371761517134807,-59.32550582658496,-0.003856334913489334,de_risk
USDCHF,RiskPreservation,2015-11-06,2016-01-13,1,0.9976502393964415,1.0029000043869019,0.1350599736932174,70.90331215071514,1.5539730465044106,69.34933910421073,0.0051468007399858165,de_risk
EURUSD,RiskPreservation,2015-11-06,2016-01-19,1,1.0884946584701538,1.0895025730133057,0.05653278680022866,5.698021798085372,0.5754475277587529,5.122574270326619,0.0008324565349407592,de_risk
USDCHF,RiskPreservation,2015-11-06,2016-01-19,1,0.9976502393964415,1.0049999952316284,0.054023989477286954,39.70631319007672,0.6218161183683599,39.08449707170836,0.0072516955838742864,de_risk
EURUSD,RiskPreservation,2015-11-06,2016-01-21,1,1.0884946584701538,1.0877013206481934,0.02261311472009147,-1.7939839179779138,0.23009754725075698,-2.024081465228671,-0.0008223208459575148,de_risk
USDCHF,RiskPreservation,2015-11-06,2016-01-21,1,0.9976502393964415,1.0059000253677368,0.02160959579091478,17.82745402012514,0.24876534592222588,17.578688674202912,0.008153827513447287,de_risk
USDCHF,RiskPreservation,2015-11-06,2016-01-25,1,0.9976502393964415,1.0162800550460815,0.008643838316365914,16.103311433919206,0.09968558496540775,16.0036258489538,0.018558097134061768,de_risk
EURUSD,RiskPreservation,2015-11-06,2016-01-25,1,1.0884946584701538,1.079901933670044,0.009045245888036589,-7.772330866522377,0.09189792415431616,-7.864228790676693,-0.007987474050633258,de_risk
USDCHF,RiskPreservation,2015-11-06,2016-01-27,1,0.9976502393964415,1.0169600248336792,0.0034575353265463653,6.676426529727995,0.039878936025286305,6.6365475937027085,0.01923965481966235,de_risk
EURUSD,RiskPreservation,2015-11-06,2016-01-27,1,1.0884946584701538,1.0864014625549316,0.0036180983552146356,-0.757338869800732,0.03680620153126263,-0.7941450713319946,-0.002016476541610379,de_risk
EURUSD,RiskPreservation,2015-11-06,2016-02-01,1,1.0884946584701538,1.0826259851455688,0.0014472393420858541,-0.8493374921189142,0.014711552573621079,-0.8640490446925353,-0.005484938118740045,de_risk
USDCHF,RiskPreservation,2015-11-06,2016-02-01,1,0.9976502393964415,1.0242999792099,0.0013830141306185463,3.685696673932065,0.01597187693135534,3.6697247970007094,0.026596749808757536,de_risk
EURUSD,RiskPreservation,2015-11-06,2016-02-03,1,1.0884946584701538,1.0922038555145264,0.0005788957368343418,0.2147238356065815,0.005895710206097515,0.20882812540048398,0.0033140750293917777,de_risk
USDCHF,RiskPreservation,2015-11-06,2016-02-03,1,0.9976502393964415,1.0187300443649292,0.0005532056522474185,1.1661467256840619,0.006382588133664361,1.1597641375503975,0.021013807785264984,de_risk
EURUSD,RiskPreservation,2015-11-06,2016-02-05,1,1.0884946584701538,1.119996428489685,0.00023155829473373672,0.7294496146817009,0.0023711552840477877,0.7270784593976531,0.0288466000697627,de_risk
USDCHF,RiskPreservation,2015-11-06,2016-02-05,1,0.9976502393964415,0.9932000041007996,0.00022128226089896736,-0.09847581277520294,0.0025417365634047675,-0.10101754933860771,-0.004575851451191686,de_risk
EURUSD,RiskPreservation,2015-11-06,2016-02-09,1,1.0884946584701538,1.1190940141677856,9.262331789349469e-05,0.28342138501178715,0.0009482949444018973,0.28247309006738525,0.028017568648624376,de_risk
USDCHF,RiskPreservation,2015-11-06,2016-02-09,1,0.9976502393964415,0.9872199892997742,8.851290435958696e-05,-0.09232117292528867,0.001015636008405603,-0.09333680893369428,-0.01056983106908572,de_risk
USDCHF,RiskPreservation,2015-11-06,2016-02-11,1,0.9976502393964415,0.9733899831771851,3.540516174383478e-05,-0.08589382953896475,0.00040527509615486415,-0.08629910463511961,-0.02443213368411177,de_risk
EURUSD,RiskPreservation,2015-11-06,2016-02-11,1,1.0884946584701538,1.1284006834030151,3.7049327157397876e-05,0.14784913732888558,0.00038000758942724233,0.14746912973945833,0.03656743430889759,de_risk
EURUSD,RiskPreservation,2015-11-06,2016-02-16,1,1.0884946584701538,1.117817997932434,1.4819730862959154e-05,0.043456399883418304,0.00015168937066993424,0.04330471051274837,0.026845316028827212,de_risk
USDCHF,RiskPreservation,2015-11-06,2016-02-16,1,0.9976502393964415,0.9859200119972229,1.4162064697533913e-05,-0.016612423934451857,0.00016246494061956837,-0.016774888875071427,-0.011872844140872944,de_risk
EURUSD,RiskPreservation,2015-11-06,2016-02-18,1,1.0884946584701538,1.1121985912322998,5.927892345183662e-06,0.014051436157147348,6.0609125792049305e-05,0.013990827031355298,0.02168287056501757,de_risk
USDCHF,RiskPreservation,2015-11-06,2016-02-18,1,0.9976502393964415,0.9926300048828125,5.664825879013565e-06,-0.0028438754391522554,6.50619981305199e-05,-0.0029089374372827754,-0.005147181758642454,de_risk
EURUSD,RiskPreservation,2015-11-06,2016-02-22,1,1.0884946584701538,1.1123965978622437,2.371156938073465e-06,0.005667524942296529,2.4244589326408478e-05,0.005643280352970121,0.02186477560999917,de_risk
USDCHF,RiskPreservation,2015-11-06,2016-02-22,1,0.9976502393964415,0.9906100034713745,2.2659303516054264e-06,-0.001595268426507216,2.6015644887191043e-05,-0.001621284071394407,-0.007171900374088078,de_risk
USDCHF,RiskPreservation,2015-11-06,2016-02-24,1,0.9976502393964415,0.9911999702453613,9.063721406421707e-07,-0.0005846344258182679,1.040732741377211e-05,-0.00059504175323204,-0.006580555881444799,de_risk
EURUSD,RiskPreservation,2015-11-06,2016-02-24,1,1.0884946584701538,1.1024993658065796,9.484627752293859e-07,0.0013282943586581737,9.679061418198181e-06,0.0013186152972399754,0.012772370760780225,de_risk
EURUSD,RiskPreservation,2015-11-06,2016-02-26,1,1.0884946584701538,1.1024993658065796,3.793851100917544e-07,0.0005313177434632696,3.871624567279273e-06,0.0005274461188959903,0.012772370760780227,de_risk
USDCHF,RiskPreservation,2015-11-06,2016-02-26,1,0.9976502393964415,0.9901000261306763,3.625488562568683e-07,-0.00027373211839986137,4.162133398547393e-06,-0.0002778942517984088,-0.007683068638288517,de_risk
EURUSD,RiskPreservation,2015-11-06,2016-03-01,1,1.0884946584701538,1.0886961221694946,1.5175404403670172e-07,3.057293110156368e-06,1.5444604308262057e-06,1.5128326793301622e-06,9.158499412164443e-05,de_risk
USDCHF,RiskPreservation,2015-11-06,2016-03-01,1,0.9976502393964415,0.9979100227355957,1.4501954250274732e-07,3.767366099398076e-06,1.6671185636881442e-06,2.1002475357099318e-06,0.00014516624462208573,de_risk
EURUSD,RiskPreservation,2015-11-06,2016-03-03,1,1.0884946584701538,1.0870037078857422,6.07016176146807e-08,-9.050311225733895e-06,6.175787077610865e-07,-9.667889933494982e-06,-0.0014632048454953507,de_risk
USDCHF,RiskPreservation,2015-11-06,2016-03-03,1,0.9976502393964415,0.996399998664856,5.800781700109894e-08,-7.252373556513336e-06,6.666722390753324e-07,-7.919045795588669e-06,-0.0013683841066231036,de_risk
EURUSD,RiskPreservation,2015-11-06,2016-03-07,1,1.0884946584701538,1.0993964672088623,2.4280647045872284e-08,2.647029701461871e-05,2.476332915345329e-07,2.6222663723084178e-05,0.00992179495353991,de_risk
USDCHF,RiskPreservation,2015-11-06,2016-03-07,1,0.9976502393964415,0.9941999912261963,2.3203126800439577e-08,-8.005654578718391e-06,2.665668015270107e-07,-8.272221380245402e-06,-0.003573529107983328,de_risk
USDCHF,RiskPreservation,2015-11-06,2016-03-09,1,0.9976502393964415,0.9962999820709229,9.281250720175831e-09,-1.2532076774892508e-06,1.0666570169388424e-07,-1.359873379183135e-06,-0.001468634264094858,de_risk
EURUSD,RiskPreservation,2015-11-06,2016-03-09,1,1.0884946584701538,1.1001946926116943,9.712258818348913e-09,1.1363375976616034e-05,9.906882175722851e-08,1.1264307154858806e-05,0.010655109933188807,de_risk
EURUSD,RiskPreservation,2015-11-06,2016-03-11,1,1.0884946584701538,1.1179054975509644,3.8849035273395645e-09,1.1425827248705721e-05,3.976513824005258e-08,1.1386062110465668e-05,0.02692570031721764,de_risk
USDCHF,RiskPreservation,2015-11-06,2016-03-11,1,0.9976502393964415,0.984499990940094,3.712500288070332e-09,-4.88203011823865e-06,4.2578665736608825e-08,-4.924608783975259e-06,-0.013296181299160834,de_risk
EURUSD,RiskPreservation,2015-11-06,2016-03-15,1,1.0884946584701538,1.1101982593536377,1.5539614109358262e-09,3.3726558251286665e-06,1.5882101794533963e-08,3.3567737233341323e-06,0.019845202500724184,de_risk
USDCHF,RiskPreservation,2015-11-06,2016-03-15,1,0.9976502393964415,0.9868999719619751,1.4850001152281328e-09,-1.5964148378915829e-06,1.703859423883161e-08,-1.6134534321304144e-06,-0.010890595726693493,de_risk
EURUSD,RiskPreservation,2015-11-06,2016-03-17,1,1.0884946584701538,1.1217050552368164,6.215845643743306e-10,2.0643070006904647e-06,6.367145611226368e-09,2.0579398550792383e-06,0.03041628400096156,de_risk
USDCHF,RiskPreservation,2015-11-06,2016-03-17,1,0.9976502393964415,0.9779000282287598,5.940000460912533e-10,-1.1731626343914927e-06,6.804745761547949e-09,-1.1799673801530406e-06,-0.01991155655940511,de_risk
USDCHF,RiskPreservation,2015-11-06,2016-03-21,1,0.9976502393964415,0.969760000705719,2.376000184365013e-10,-6.626721227114085e-07,2.718030163240083e-09,-6.653901528746485e-07,-0.02807059306443794,de_risk
EURUSD,RiskPreservation,2015-11-06,2016-03-21,1,1.0884946584701538,1.1275991201400757,2.4863382574973224e-10,9.72269190887644e-07,2.5497891723027757e-09,9.697194017153411e-07,0.035831052898628896,de_risk
EURUSD,RiskPreservation,2015-11-06,2016-03-24,1,1.0884946584701538,1.1182055473327637,9.945353029989288e-11,2.95485278573432e-07,1.0180472209654778e-09,2.9446723135246653e-07,0.02720135052686165,de_risk
USDCHF,RiskPreservation,2015-11-06,2016-03-24,1,0.9976502393964415,0.9753999710083008,9.504000737460051e-11,-2.114665671695733e-07,1.0882841109343332e-09,-2.1255485128050764e-07,-0.022417452033180598,de_risk
EURUSD,RiskPreservation,2015-11-06,2016-03-29,1,1.0884946584701538,1.1200968027114868,3.9781412119957155e-11,1.257177923938799e-07,4.0736936200548125e-10,1.2531042303187443e-07,0.028938812019115197,de_risk
USDCHF,RiskPreservation,2015-11-06,2016-03-29,1,0.9976502393964415,0.9735299944877625,3.8016002949840215e-11,-9.169553015992106e-08,4.3517146630789153e-10,-9.213070162622895e-08,-0.024291795412418594,de_risk
EURUSD,RiskPreservation,2015-11-06,2016-03-31,1,1.0884946584701538,1.1334012746810913,1.591256484798286e-11,7.145794425600214e-08,1.6337116134816153e-10,7.129457309465398e-08,0.0411613854388725,de_risk
USDCHF,RiskPreservation,2015-11-06,2016-03-31,1,0.9976502393964415,0.9650300145149231,1.5206401179936083e-11,-4.960362261281016e-08,1.7381007831217972e-10,-4.977743269112234e-08,-0.03281162494544423,de_risk
EURUSD,RiskPreservation,2015-11-06,2016-04-04,1,1.0884946584701538,1.1397050619125366,6.3650259391931455e-12,3.259555462673126e-08,6.542871207775121e-11,3.2530125914653504e-08,0.04695255869512006,de_risk
USDCHF,RiskPreservation,2015-11-06,2016-04-04,1,0.9976502393964415,0.9585999846458435,6.082560471974435e-12,-2.3752553596651918e-08,6.944580923384134e-11,-2.382199940588576e-08,-0.03925667052812477,de_risk
EURUSD,RiskPreservation,2015-11-06,2016-05-06,1,1.0884946584701538,1.140198826789856,2.5460103756772584e-12,1.3163934900772508e-08,2.617399909210209e-11,1.3137760901680406e-08,0.04740617139609165,de_risk
USDCHF,RiskPreservation,2015-11-06,2016-05-06,1,0.9976502393964415,0.9681000113487244,2.4330241887897738e-12,-7.1896419624349766e-09,2.7824551283061055e-11,-7.217466513718038e-09,-0.02973445890805437,de_risk
EURUSD,RiskPreservation,2015-11-06,2016-05-10,1,1.0884946584701538,1.1383687257766724,1.0184041502709032e-12,5.079195713584886e-09,1.0465872071906352e-11,5.06872984151298e-09,0.045724891293407975,de_risk
XAUUSD,MetalsStatArb,2017-02-13,2017-02-14,1,1230.5,1225.9000244140625,0.24736041122172223,-113.78518525473827,1.1011990907550082,-114.88638434549327,-0.0037744767057503303,rebalance
EURUSD,FXStatArb,2017-02-13,2017-02-15,1,1.0609476608950899,1.0578652620315552,0.5906941313970598,-182.0754919314899,5.975302655358184,-188.05079458684807,-0.003000672216091635,rebalance
USDJPY,AdaptiveMomentum,2017-02-28,2017-03-01,-1,112.73400115966797,113.03399658203125,0.0038598239523999884,-115.79295168481441,4.1534330144256355,-119.94638469924004,-0.0027565428273479825,rebalance
USDJPY,AdaptiveMomentum,2017-03-13,2017-03-15,1,114.7750015258789,114.65299987792969,0.003110209515128846,-37.94506863130598,3.356867790176326,-41.3019364214823,-0.0011570002716735789,rebalance
USDJPY,AdaptiveMomentum,2017-03-24,2017-03-27,-1,110.99199676513672,110.54299926757812,0.002960758006884966,132.93729359679193,3.171226446225343,129.76606715056658,0.003948812980639255,rebalance
XAUUSD,MetalsStatArb,2017-03-28,2017-03-29,1,1255.9000244140625,1252.199951171875,0.3162038003170978,-116.9977220631293,1.4243083672690582,-118.42203043039837,-0.0029820186069016235,rebalance
XAUUSD,MetalsStatArb,2017-04-05,2017-04-06,1,1255.4000244140625,1256.0999755859375,0.260223134953178,18.21434882594632,1.1741788168295222,17.0401700091168,0.0005216099726212066,rebalance
USDCHF,FXStatArb,2015-11-06,2017-04-25,1,0.9976502393964415,0.9958400130271912,1.6220161258598492e-12,-2.9362163623807494e-10,1.9671630382021301,-1.9671630384957517,-12156453.04812018,rebalance
EURUSD,FXStatArb,2017-04-25,2017-04-27,-1,1.086767554283142,1.0909289121627808,0.15567743288994768,-64.78295120385043,1.5850854881414316,-66.36803669199186,-0.003922804321016026,rebalance
USDCHF,FXStatArb,2017-04-25,2017-04-27,-1,0.9958400130271912,0.9932399988174438,0.17118150120117007,44.50743355689192,1.9662728895123527,42.541160667379565,0.002495530785328174,rebalance
EURUSD,FXStatArb,2017-04-28,2017-05-08,-1,1.0866730213165283,1.0966956615447998,0.14325055651936833,-143.5748790493299,1.4602089798522857,-145.0350880291822,-0.009317038283729762,rebalance
USDCHF,FXStatArb,2017-04-28,2017-05-08,-1,0.994249999523163,0.9897800087928772,0.16250614691511497,72.64009703250191,1.8654990667386706,70.77459796576325,0.004380382330599575,rebalance
USDJPY,AdaptiveMomentum,2017-05-24,2017-05-25,-1,111.93599700927734,111.5199966430664,0.002464663833720775,102.53010574146955,2.644682863588315,99.88542287788124,0.0036205508246331796,rebalance
XAUUSD,MetalsStatArb,2017-06-02,2017-06-05,1,1265.199951171875,1279.199951171875,0.25551888815944207,357.7264434232189,1.1647572748329844,356.5616861483859,0.011029415538667597,rebalance
XAUUSD,MetalsStatArb,2017-07-12,2017-07-13,-1,1218.300048828125,1221.4000244140625,0.1589038257210205,-49.25979802472309,0.7059779246723257,-49.965775949395415,-0.002580976327999299,rebalance
USDJPY,AdaptiveMomentum,2017-07-12,2017-07-13,1,113.76799774169922,113.30400085449219,0.00254298589578433,-117.99375398553133,2.7377989636345,-120.73155294916583,-0.0041730800985179594,rebalance
EURUSD,FXStatArb,2017-07-31,2017-08-01,-1,1.1746878623962402,1.1823545694351196,0.15197750157986611,-116.51669811136638,1.5752025995275047,-118.09190071089388,-0.006614824566602218,rebalance
USDCHF,FXStatArb,2017-07-31,2017-08-01,-1,0.9692000150680542,0.9672399759292603,0.21808339058207465,42.74519810617532,2.493670157444064,40.25152794873126,0.0019043482362572615,rebalance
USDJPY,AdaptiveMomentum,2017-08-01,2017-08-02,-1,110.35199737548828,110.45800018310547,0.003509214960865005,-37.198663838392925,3.7580744503148207,-40.95673828870775,-0.001057633485542818,rebalance
XAUUSD,MetalsStatArb,2017-08-03,2017-08-04,1,1265.9000244140625,1269.0,0.25453414590985607,78.90496381080072,1.1550759541389268,77.7498878566618,0.0024129832743714163,rebalance
EURUSD,FXStatArb,2017-08-04,2017-08-07,-1,1.1887779235839844,1.177773118019104,0.12407060103831394,136.53728407444896,1.2848188455853102,135.25246522886366,0.009170131684187389,rebalance
USDCHF,FXStatArb,2017-08-04,2017-08-07,-1,0.9678300023078918,0.9728500247001648,0.18207606496261258,-91.40259232092593,2.0839880257371926,-93.48658034666313,-0.00530514592492819,rebalance
XAUUSD,MetalsStatArb,2017-08-11,2017-08-14,1,1286.300048828125,1288.4000244140625,0.2882056980506815,60.52249296345062,1.319059852910903,59.20343311053971,0.0015969894328470959,rebalance
XAUUSD,MetalsStatArb,2017-09-05,2017-09-06,1,1335.199951171875,1340.0,0.1870495984366241,89.78472057769694,0.8753921206834009,88.90932845701354,0.0035599528175185905,rebalance
XAGUSD,MetalsStatArb,2017-09-05,2017-09-08,-1,17.86378421308112,18.09000015258789,0.44549037097968214,-503.88511406193953,6.374521725145916,-510.2596357870855,-0.012823584117304441,rebalance
USDJPY,AdaptiveMomentum,2017-09-08,2017-09-11,-1,108.2969970703125,108.28500366210938,0.00399659553231319,4.793280164181774,4.26264892617122,0.530631238010554,1.2259879459268732e-05,rebalance
USDJPY,AdaptiveMomentum,2017-09-26,2017-09-27,1,111.7509994506836,112.43399810791016,0.0017923601378679469,122.4179567430224,1.9265505498872317,120.49140619313516,0.006015605950451229,rebalance
USDJPY,AdaptiveMomentum,2017-10-23,2017-10-24,1,114.05200195312501,113.31999969482422,0.001354762498824998,-99.16892086011273,1.4585914959080646,-100.6275123560208,-0.006512543800852942,rebalance
XAUUSD,MetalsStatArb,2017-10-23,2017-10-24,-1,1274.699951171875,1275.5,0.07940799385140423,-6.353027242457316,0.3613857800177407,-6.714413022475057,-0.0006633394998937978,rebalance
XAUUSD,MetalsStatArb,2017-12-08,2017-12-11,-1,1246.300048828125,1248.4000244140625,0.16078609088222898,-33.76468654110089,0.7230229013300906,-34.48770944243098,-0.0017210491072696627,rebalance
USDJPY,AdaptiveMomentum,2017-12-12,2017-12-13,1,113.55000305175781,113.51300048828125,0.0016175768221683765,-5.98544890405016,1.7421722960523829,-7.727621200102543,-0.0004207205830241374,rebalance
USDJPY,AdaptiveMomentum,2017-12-27,2017-12-28,1,113.20099639892578,113.22200012207031,0.0015745557407341143,3.3071532854011663,1.6949210801632062,1.61223220523796,9.045223511996409e-05,rebalance
XAUUSD,MetalsStatArb,2018-01-03,2018-01-04,1,1320.0,1319.4000244140625,0.1377169340724769,-8.262679821365039,0.6388413204998655,-8.901521141864905,-0.0004896693836558949,rebalance
EURUSD,FXStatArb,2018-01-08,2018-01-09,-1,1.203948974609375,1.1969597339630127,0.08470694558009158,59.203722707757585,0.8804371707334644,58.32328553702412,0.005718931281051178,rebalance
USDCHF,FXStatArb,2018-01-08,2018-01-09,-1,0.9750800132751466,0.9774900078773499,0.07489676802885314,-18.050080667200564,0.8579409810151284,-18.908021648215694,-0.002589063838854867,rebalance
EURUSD,FXStatArb,2018-01-17,2018-01-18,-1,1.227144479751587,1.218145489692688,0.08892465463062763,80.02320830120384,0.9280435709665791,79.09516473023726,0.007248231398885997,rebalance
USDCHF,FXStatArb,2018-01-17,2018-01-18,-1,0.9591599702835083,0.9650800228118896,0.08449887940932166,-50.02378046925453,0.9658357153244103,-50.98961618457894,-0.006291290624914166,rebalance
USDJPY,AdaptiveMomentum,2018-01-18,2018-01-19,-1,111.34100341796875,111.00499725341797,0.0017254994061609874,57.9778437398804,1.849752608920189,56.12809113096021,0.0029215298463280835,rebalance
EURUSD,FXStatArb,2018-02-07,2018-02-08,1,1.2381447553634644,1.2268433570861816,0.09433355259090008,-106.61010487407565,0.9861334054201721,-107.59623827949582,-0.009212117642154176,rebalance
USDCHF,FXStatArb,2018-02-07,2018-02-08,1,0.9360399842262268,0.9427499771118164,0.11507092646811602,77.21250979392624,1.310140028035206,75.90236976589104,0.007046854832275174,rebalance
XAUUSD,MetalsStatArb,2018-02-15,2018-02-16,1,1352.0,1354.0,0.15318354558018557,30.636709116037114,0.7211881325915137,29.9155209834456,0.0014444674556213016,rebalance
USDCHF,FXStatArb,2018-04-19,2018-05-17,-1,0.9685699939727783,1.000599980354309,0.10523924158754547,-337.08114748517073,1.2103775612116827,-338.2915250463824,-0.03318810058247714,rebalance
EURUSD,FXStatArb,2018-04-19,2018-05-17,-1,1.2378535270690918,1.1814186573028564,0.096549176980339,544.874022892264,1.0005234139063282,543.8734994783576,0.04550719464076392,rebalance
XAUUSD,MetalsStatArb,2018-05-17,2018-05-18,-1,1291.300048828125,1285.199951171875,0.11541861493333186,70.40648224424389,0.5275092264199509,69.87897301782394,0.004688603289933288,rebalance
XAGUSD,MetalsStatArb,2018-05-17,2018-05-24,1,16.36323576255213,16.621000289916992,0.34397182551811284,443.318675157527,4.8713634001423936,438.4473117573846,0.015579565744721835,rebalance
USDJPY,AdaptiveMomentum,2018-07-09,2018-07-10,1,110.4229965209961,110.94100189208984,0.002199645404043986,113.94281337964667,2.3577603233013296,111.58505305634533,0.00459402993070788,rebalance
XAUUSD,MetalsStatArb,2018-07-09,2018-07-10,1,1258.199951171875,1256.199951171875,0.10002625553087004,-20.005251106174008,0.45135846568930893,-20.456609571863318,-0.0016254363999288262,rebalance
XAGUSD,MetalsStatArb,2018-07-09,2018-07-17,-1,16.034030596026508,15.710000038146973,0.5636423614158754,913.1867440706231,7.931011669632908,905.2557324009903,0.020033413055752475,rebalance
XAUUSD,MetalsStatArb,2018-08-03,2018-08-06,-1,1206.5,1214.4000244140625,0.5944380122183852,-469.60748091720257,2.632647097538078,-472.24012801474066,-0.0065845937957321014,rebalance
USDJPY,AdaptiveMomentum,2018-09-13,2018-09-14,1,111.1719970703125,112.0469970703125,0.005038391482477269,440.85925471676103,5.411706031458116,435.44754868530293,0.0077740715542959915,rebalance
XAUUSD,MetalsStatArb,2018-09-27,2018-09-28,-1,1194.5999755859375,1181.699951171875,0.5619901069971508,724.9686100724841,2.4521875779895215,722.5164224944946,0.010762088295484142,rebalance
XAUUSD,MetalsStatArb,2018-10-10,2018-10-11,-1,1189.300048828125,1198.0999755859375,0.698113992090651,-614.3351999001824,3.0690486979413225,-617.4042485981237,-0.007436213229822475,rebalance
XAUUSD,MetalsStatArb,2018-10-23,2018-10-24,1,1224.800048828125,1231.5999755859375,0.5303102740518721,360.6071022468205,2.3668807892542594,358.24022145756624,0.005515426591274364,rebalance
USDJPY,AdaptiveMomentum,2018-11-01,2018-11-20,1,112.84600067138672,112.45600128173828,0.006424051272007624,-250.5376075153242,6.905289817364165,-257.44289733268835,-0.0035512867739200807,rebalance
XAUUSD,MetalsStatArb,2018-11-23,2018-11-26,1,1224.800048828125,1220.199951171875,0.5305487716909312,-244.0576161181769,2.355848714005007,-246.41346483218192,-0.0037920488815437626,rebalance
USDJPY,AdaptiveMomentum,2018-11-28,2018-12-04,1,113.7770004272461,113.58899688720703,0.002042393445744169,-38.39771979524827,2.2000212743847167,-40.59774106963299,-0.001747060646970669,rebalance
XAUUSD,MetalsStatArb,2018-12-04,2018-12-06,1,1231.0,1237.5,0.18722828114727405,121.69838274572813,0.8378465581340515,120.86053618759408,0.005243907392363931,rebalance
USDJPY,AdaptiveMomentum,2018-11-28,2018-12-06,1,113.50269570896396,112.26188174375663,0.004958329543933735,-615.2364542213036,5.327842922159003,-620.5642971434626,-0.011026691436927305,atr_trailing_stop
XAUUSD,MetalsStatArb,2019-03-27,2019-03-28,1,1309.9000244140625,1308.4000244140625,0.32296600573977585,-48.44490086096638,1.4910694710692216,-49.9359703320356,-0.0011803709990614779,rebalance
USDCHF,FXStatArb,2019-03-28,2019-03-29,1,0.9947500228881836,0.9949399828910828,0.18747812729287494,3.561334560408547,2.1541011788047624,1.4072333816037847,7.54573526154979e-05,rebalance
EURUSD,FXStatArb,2019-03-28,2019-03-29,1,1.1251378059387207,1.1229519844055176,0.21126259135569567,-46.17823213455719,2.1645762232326264,-48.34280835778982,-0.0020337780499536996,rebalance
USDJPY,AdaptiveMomentum,2019-04-05,2019-04-08,1,111.65699768066406,111.6969985961914,0.003552221268066193,14.209210287834969,3.8129329858413654,10.396277301993603,0.00026211501440440545,rebalance
XAUUSD,MetalsStatArb,2019-04-11,2019-04-12,1,1307.0,1293.4000244140625,0.30634983926210824,-416.63503347205494,1.4051654576859263,-418.0401989297409,-0.010440584228328829,rebalance
XAUUSD,MetalsStatArb,2019-04-25,2019-04-26,-1,1280.5999755859373,1284.9000244140625,0.22665573716315618,-97.46307369762893,1.0357713987553658,-98.4988450963843,-0.003393524060177431,rebalance
XAGUSD,MetalsStatArb,2019-04-26,2019-04-29,1,15.001999855041504,15.029999732971191,0.389112265602105,54.4754796890154,5.448739044835858,49.02674064417954,0.0016797279148459477,rebalance
USDJPY,AdaptiveMomentum,2019-05-16,2019-05-17,-1,109.4469985961914,109.85099792480469,0.0025056880881072596,-101.22963053096291,2.6803395488249278,-103.90997007978784,-0.0037890152666663277,rebalance
XAUUSD,MetalsStatArb,2019-06-04,2019-06-05,1,1324.300048828125,1328.9000244140625,0.18600288750882898,85.56087414544925,0.8663642585207959,84.69450988692846,0.003438342835884154,rebalance
USDJPY,AdaptiveMomentum,2019-07-08,2019-07-09,-1,108.47499847412108,108.73200225830078,0.002480987109326611,-63.76230755979984,2.6483644348758517,-66.41067199467568,-0.002467650868773488,rebalance
EURUSD,FXStatArb,2019-10-07,2019-10-09,1,1.098659634590149,1.0960224866867065,0.14893915240042355,-39.27745734932625,1.5179945395612338,-40.795451888887484,-0.0024931000165469047,rebalance
USDCHF,FXStatArb,2019-10-07,2019-10-09,1,0.9937000274658203,0.9924799799919128,0.08525192326920167,-10.401139363034302,0.9791149252583947,-11.380254288292697,-0.0013433602059080396,rebalance
USDJPY,AdaptiveMomentum,2019-10-15,2019-10-16,1,108.3759994506836,108.81700134277344,0.002137346698673999,94.25739381672146,2.281904011032061,91.9754898056894,0.003970672051414922,rebalance
USDJPY,AdaptiveMomentum,2019-11-06,2019-11-07,1,109.13200378417969,108.91400146484375,0.001406297218510783,-30.657605531102842,1.501683550367944,-32.15928908147079,-0.0020954494688604362,rebalance
XAUUSD,MetalsStatArb,2019-11-06,2019-11-07,-1,1483.199951171875,1489.0999755859375,0.06859104325612313,-40.468882979714344,0.34145992818846016,-40.81034290790281,-0.004011466160630118,rebalance
XAUUSD,MetalsStatArb,2020-01-02,2020-01-03,1,1518.0999755859375,1530.0999755859375,0.1531769690461414,183.81236285536966,0.7751060912879405,183.03725676408172,0.007871285285987966,rebalance
XAUUSD,MetalsStatArb,2020-01-16,2020-01-17,1,1555.699951171875,1554.0999755859375,0.11124894506650505,-17.799559606771016,0.5682818557566438,-18.36784146252766,-0.0010612956465065855,rebalance
XAGUSD,RiskPreservation,2020-01-16,2020-01-28,-1,17.989628362591116,17.604999542236328,0.18456784224020484,354.95055718139287,2.6320297058175957,352.31852747557525,0.021222045984998567,de_risk
XAGUSD,RiskPreservation,2020-01-16,2020-01-30,-1,17.989628362591116,17.540000915527344,0.07382713689608195,165.97353543306474,1.0523320160758283,164.9212034169889,0.024835234949851438,de_risk
XAGUSD,RiskPreservation,2020-01-16,2020-02-04,-1,17.989628362591116,17.527999877929688,0.029530854758432777,68.16141866446029,0.4208973663405066,67.74052129811977,0.02550235699242595,de_risk
XAGUSD,RiskPreservation,2020-01-16,2020-02-06,-1,17.989628362591116,17.788999557495117,0.011812341903373111,11.849480207295716,0.16866724828137242,11.680812959014345,0.0109937248907327,de_risk
XAGUSD,RiskPreservation,2020-01-16,2020-02-10,-1,17.989628362591116,17.780000686645508,0.004724936761349246,4.952387561358055,0.06746264740298019,4.884924913955075,0.011493960395638382,de_risk
XAGUSD,RiskPreservation,2020-01-16,2020-02-12,-1,17.989628362591116,17.47800064086914,0.001889974704539698,4.8348172609790465,0.026927981716463358,4.807889279262583,0.028281749431085895,de_risk
XAGUSD,RiskPreservation,2020-01-16,2020-03-17,-1,17.989628362591116,12.550000190734863,0.0007559898818158792,20.561519293819675,0.010398640838796781,20.551120652980877,0.3022228732172288,de_risk
XAGUSD,RiskPreservation,2020-01-16,2020-03-19,-1,17.989628362591116,12.069999694824219,0.00030239595272635176,8.950358753877977,0.004144941314791712,8.946213812563185,0.32890547533916753,de_risk
USDJPY,AdaptiveMomentum,2020-10-20,2020-10-21,-1,105.47000122070312,105.4749984741211,0.003984488833234115,-1.9911500440737497,4.227343415460039,-6.218493459533789,-0.000147973387757842,rebalance
XAGUSD,RiskPreservation,2020-01-16,2020-10-22,-1,17.989628362591116,24.665000915527344,0.00012095838109054069,-4.037211285896979,0.001810323621665648,-4.039021609518644,-0.3712342310996261,de_risk
XAUUSD,MetalsStatArb,2020-11-17,2020-11-18,-1,1888.4000244140623,1873.5,0.21833609554892125,325.321315414996,1.2547775411196507,324.0665378738763,0.007859857139467926,rebalance
USDJPY,AdaptiveMomentum,2020-11-19,2020-11-25,-1,103.90399932861328,104.50599670410156,0.004587206810201045,-276.1486460562999,4.857907028246694,-281.0065530845466,-0.00589570660783668,rebalance
USDJPY,AdaptiveMomentum,2020-12-01,2020-12-04,-1,104.3010025024414,103.8239974975586,0.003937592844582305,187.82514940565102,4.1645871771795955,183.66056222847143,0.004471946709447434,rebalance
XAGUSD,RiskPreservation,2020-01-16,2020-12-10,-1,17.989628362591116,23.94499969482422,4.838335243621627e-05,-1.4407041502798652,0.0007206458413846806,-1.4414247961212499,-0.33121030140996166,de_risk
USDJPY,RiskPreservation,2020-12-07,2020-12-10,-1,104.20099639892578,104.28700256347656,0.0025870279840289304,-22.250035449186807,2.738560574429012,-24.98859602361582,-0.000926976784677335,de_risk
USDJPY,AdaptiveMomentum,2020-12-07,2020-12-18,-1,104.20099639892578,103.14900207519531,0.001724685322685954,181.43591696868754,1.821781664140646,179.6141353045469,0.009994447075169246,rebalance
XAGUSD,RiskPreservation,2020-01-16,2021-01-15,-1,17.989628362591116,25.43000030517578,1.9353340974486512e-05,-0.719980275909218,0.00029113230886981773,-0.7202714082180878,-0.41375955036786927,de_risk
XAGUSD,RiskPreservation,2020-01-16,2021-01-20,-1,17.989628362591116,25.424999237060547,7.741336389794605e-06,-0.28779853561074564,0.00011644905205286825,-0.2879149846627985,-0.41348154750778815,de_risk
XAGUSD,RiskPreservation,2020-01-16,2021-01-22,-1,17.989628362591116,25.52400016784668,3.096534555917843e-06,-0.11665221326053477,4.6610276801472045e-05,-0.11669882353733624,-0.4189848802509271,de_risk
XAGUSD,RiskPreservation,2020-01-16,2021-01-26,-1,17.989628362591116,25.52899932861328,1.2386138223671372e-06,-0.04669184545234265,1.8644729923551394e-05,-0.0467104901822662,-0.419262777083983,de_risk
XAGUSD,RiskPreservation,2020-01-16,2021-01-28,-1,17.989628362591116,25.084999084472656,4.954455289468549e-07,-0.017576848501883135,7.435894175839478e-06,-0.017584284396058976,-0.39458138204923004,de_risk
XAGUSD,RiskPreservation,2020-01-16,2021-02-01,-1,17.989628362591116,28.360000610351562,1.9817821157874197e-07,-0.01027590912733492,3.0392610648674253e-06,-0.010278948388399788,-0.5766344495111364,de_risk
XAGUSD,RiskPreservation,2020-01-16,2021-02-03,-1,17.989628362591116,26.940000534057617,7.92712846314968e-08,-0.0035475374998107457,1.204447902924506e-06,-0.0035487419477136703,-0.49769849554510687,de_risk
XAGUSD,RiskPreservation,2020-01-16,2021-02-05,-1,17.989628362591116,26.43000030517578,3.170851385259872e-08,-0.001338158253312657,4.801620262375694e-07,-0.0013386384153388946,-0.4693482473572696,de_risk
XAGUSD,RiskPreservation,2020-01-16,2021-02-09,-1,17.989628362591116,27.424999237060547,1.2683405541039491e-08,-0.000598363176155041,1.933268079916274e-07,-0.0005985565029630326,-0.5246589414865889,de_risk
XAGUSD,RiskPreservation,2020-01-16,2021-02-11,-1,17.989628362591116,27.170000076293945,5.073362216415796e-09,-0.00023287675492476135,7.720135288590585e-08,-0.00023295395627764726,-0.5104838704061829,de_risk
EURUSD,FXStatArb,2021-03-01,2021-03-02,-1,1.2090904712677002,1.2049063444137573,0.10465902458508268,43.79066352739116,1.0894808421261046,42.70118268526505,0.003374461071367795,rebalance
USDCHF,FXStatArb,2021-03-01,2021-03-02,-1,0.9072999954223633,0.9149699807167053,0.12733284400243558,-97.66410409854299,1.4426734776661616,-99.10677757620915,-0.008578512876915783,rebalance
XAUUSD,MetalsStatArb,2021-03-01,2021-03-02,-1,1737.0999755859377,1709.4000244140625,0.04713629512668445,130.56730734322593,0.25542215833405457,130.31188518489188,0.015914894686508647,rebalance
USDJPY,AdaptiveMomentum,2021-03-01,2021-03-09,1,106.74573912531233,108.9260025024414,0.00416364219161568,907.7836585849127,4.446153662439729,903.3375049224729,0.02032479118002157,rebalance
USDJPY,AdaptiveMomentum,2021-05-04,2021-05-05,1,109.08599853515625,109.32599639892578,0.005500389973631659,132.00818435709465,5.878002706486795,126.13018165060785,0.002102115275294934,rebalance
XAUUSD,MetalsStatArb,2021-05-11,2021-05-12,1,1837.199951171875,1825.199951171875,0.33919973728390485,-407.0396847406858,1.9166141624240016,-408.9562989031098,-0.006562434312788374,rebalance
USDJPY,AdaptiveMomentum,2021-05-14,2021-05-17,1,109.51899719238283,109.41200256347656,0.004930155150580428,-52.750012078666,5.26946817394065,-58.019480252606655,-0.001074542974045043,rebalance
XAGUSD,RiskPreservation,2020-01-16,2021-05-20,-1,17.989628362591116,27.920000076293945,2.0293448865663187e-09,-0.00010076074529452823,3.103274202085482e-08,-0.00010079177803654909,-0.5521753931482332,de_risk
USDJPY,AdaptiveMomentum,2021-06-02,2021-06-03,1,109.48300170898436,109.59300231933594,0.00287190976947076,31.591182751643952,3.0706057321032114,28.52057701954074,0.0009070700360331876,rebalance
XAUUSD,MetalsStatArb,2021-06-02,2021-06-03,1,1899.199951171875,1908.800048828125,0.1098050459161558,105.41391639441109,0.638801845844977,104.77511454856611,0.005024179602250794,rebalance
EURUSD,FXStatArb,2021-06-15,2021-06-16,1,1.212415099143982,1.2125474214553833,0.2603146652875022,3.4445438202515533,2.713805074622782,0.7307387456287713,2.315326078673806e-05,rebalance
USDCHF,FXStatArb,2021-06-15,2021-06-16,1,0.8989999890327454,0.8982999920845032,0.2612418601750996,-18.286850487568195,2.951144793518312,-21.23799528108651,-0.0009042969499460872,rebalance
XAUUSD,MetalsStatArb,2021-06-28,2021-06-29,-1,1779.5999755859377,1776.800048828125,0.3073212265905779,86.04769255747874,1.7067391940052723,84.34095336347347,0.0015421391292908776,rebalance
XAUUSD,MetalsStatArb,2021-09-17,2021-09-20,-1,1758.800048828125,1751.800048828125,0.3201363538409919,224.09544768869435,1.761902468262599,222.33354522043174,0.003948694454296163,rebalance
EURUSD,FXStatArb,2021-11-04,2021-11-10,-1,1.1615750789642334,1.159366488456726,0.29102078086087957,64.27457340967078,3.0029657284362616,61.27160768123452,0.0018125416220323527,rebalance
USDCHF,FXStatArb,2021-11-04,2021-11-10,-1,0.9112200140953065,0.9110000133514404,0.28470973626984686,6.263635376528115,3.2234836416497763,3.040151734878339,0.00011718437034667745,rebalance
XAUUSD,MetalsStatArb,2021-11-23,2021-11-24,1,1795.5,1793.0,0.22897063587513258,-57.24265896878315,1.2790299719984908,-58.52168894078164,-0.001423480924533556,rebalance
XAGUSD,MetalsStatArb,2020-01-16,2021-11-26,-1,23.46581883576226,23.10700035095215,0.4525005254228606,811.8277645400508,6.701849547760965,805.1259149922898,0.015164880769503002,rebalance
XAGUSD,MetalsStatArb,2020-01-16,2021-12-07,-1,23.46581883576226,22.385000228881836,0.0708264520404926,382.7527361234418,1.043875665019889,381.70886045842195,0.045933658416946216,rebalance
EURUSD,FXStatArb,2021-11-26,2022-01-04,1,1.1231315329650151,1.1301988363265991,0.3215313643042124,227.23596918018535,3.2990396619919493,223.9369295181934,0.006201143125659553,rebalance
USDCHF,FXStatArb,2021-11-26,2022-01-04,1,0.9327643058878333,0.9182999730110168,0.37958057191313865,-549.0379745724013,4.303153091061501,-553.3411276634628,-0.015628491339407764,rebalance
USDCHF,FXStatArb,2022-01-14,2022-02-08,-1,0.9108999967575073,0.9231799840927124,0.25232662264655725,-309.8567730434794,2.862988690104327,-312.7197617335837,-0.013605720692725197,rebalance
EURUSD,FXStatArb,2022-01-14,2022-02-08,-1,1.14565908908844,1.144086241722107,0.40592879643173596,63.84640383863835,4.176265473686614,59.67013836495174,0.0012830742194592675,rebalance
USDJPY,AdaptiveMomentum,2022-02-08,2022-02-10,1,115.06600189208984,115.5999984741211,0.0026562145426823995,141.84094869341013,2.871899155442087,138.96904953796803,0.00454682159333576,rebalance
XAUUSD,MetalsStatArb,2022-02-10,2022-02-11,1,1833.300048828125,1822.0,0.14112828154392476,-159.47564724757223,0.7965280210339113,-160.27217526860613,-0.0061945609151018415,rebalance
USDJPY,AdaptiveMomentum,2022-02-08,2022-02-22,1,115.47664453096718,114.58300018310547,0.005794333414860202,-517.8073305816057,6.2530476161029735,-524.0603781977087,-0.00783219855009582,rebalance
USDJPY,AdaptiveMomentum,2022-02-28,2022-03-02,1,115.58799743652344,114.81500244140625,0.0047296590009911115,-365.60027363770865,5.106281770334072,-370.70655540804273,-0.0067809055658780175,rebalance
XAUUSD,MetalsStatArb,2022-03-02,2022-03-03,1,1945.5999755859375,1930.5,0.2813411563323697,-424.8244591938208,1.6489405172640188,-426.4733997110848,-0.007791213906328476,rebalance
USDJPY,RiskPreservation,2022-03-10,2022-03-15,1,115.91100311279297,118.21800231933594,0.002111788719802785,487.18949009714163,2.294323299383554,484.89516679775807,0.019809464027001938,de_risk
USDJPY,RiskPreservation,2022-03-10,2022-03-22,1,115.91100311279297,119.59400177001953,0.0008447154879211139,311.1086007751943,0.9200539758481482,310.18854679934617,0.03168039856939066,de_risk
USDJPY,RiskPreservation,2022-03-10,2022-03-24,1,115.91100311279297,121.13800048828125,0.00033788619516844556,176.6130255359186,0.369064982043776,176.24396055387484,0.04500068565883046,de_risk
USDJPY,RiskPreservation,2022-03-10,2022-03-28,1,115.91100311279297,122.2699966430664,0.0001351544780673782,85.94464516179413,0.14793198151645892,85.79671318027766,0.05476657055726877,de_risk
USDJPY,RiskPreservation,2022-03-10,2022-03-30,1,115.91100311279297,123.125,5.40617912269513e-05,39.00015936280631,0.05926523863254537,38.94089412417376,0.062142800888348455,de_risk
USDJPY,RiskPreservation,2022-03-10,2022-04-01,1,115.91100311279297,121.75599670410156,2.162471649078052e-05,12.63963293024774,0.023646886836720653,12.61598604341102,0.0503322231255077,de_risk
USDJPY,RiskPreservation,2022-03-10,2022-04-06,1,115.91100311279297,123.65599822998047,8.649886596312208e-06,6.699332945266365,0.009491624330151605,6.689841320936213,0.0667237948902653,de_risk
USDJPY,RiskPreservation,2022-03-10,2022-04-08,1,115.91100311279297,124.09600067138672,3.459954638524884e-06,2.83197202691713,0.0037996945090368554,2.828172332408093,0.07051975583910863,de_risk
USDJPY,RiskPreservation,2022-03-10,2022-04-14,1,115.91100311279297,125.37699890136719,1.3839818554099537e-06,1.3100766414773755,0.0015234235602289525,1.3085532179171464,0.08157110192028572,de_risk
USDJPY,RiskPreservation,2022-03-10,2022-04-25,1,115.91100311279297,128.60499572753906,5.535927421639815e-07,0.7027302180606619,0.0006129434153209752,0.702117274645341,0.10941946988837459,de_risk
USDJPY,RiskPreservation,2022-03-10,2022-04-28,1,115.91100311279297,128.3939971923828,2.2143709686559255e-07,0.2764197969174755,0.0002450839203222543,0.27617471299715324,0.10759915680748246,de_risk
USDJPY,RiskPreservation,2022-03-10,2022-05-02,1,115.91100311279297,130.01100158691406,8.857483874623702e-08,0.12489050911674639,9.832001993589684e-05,0.12479218909681049,0.1215492738025867,de_risk
USDJPY,RiskPreservation,2022-03-10,2022-05-06,1,115.91100311279297,130.3300018310547,3.5429935498494814e-08,0.05108641945408921,3.935061229050655e-05,0.05104706884179871,0.12430133232653316,de_risk
USDJPY,RiskPreservation,2022-03-10,2022-05-10,1,115.91100311279297,130.3769989013672,1.417197419939793e-08,0.020501171908427294,1.574157699873846e-05,0.020485430331428554,0.12470678244868731,de_risk
USDJPY,RiskPreservation,2022-03-10,2022-05-12,1,115.91100311279297,129.8350067138672,5.668789679759172e-09,0.007893224791469908,6.290485920057363e-06,0.007886934305549851,0.12003094207890944,de_risk
XAUUSD,MetalsStatArb,2022-05-26,2022-05-27,-1,1840.4000244140625,1848.300048828125,0.321752944831222,-254.18561194631587,1.8328978569467256,-256.0185098032626,-0.004323511361380453,rebalance
XAUUSD,MetalsStatArb,2022-06-01,2022-06-02,-1,1831.0000000000002,1845.4000244140625,0.29766599010461303,-428.6397524742447,1.693957631021804,-430.3337101052665,-0.007895648506035257,rebalance
USDJPY,AdaptiveMomentum,2022-03-10,2022-06-03,1,130.1219814089669,129.91799926757812,0.0006122288619344793,-12.488375427740085,0.6794736303170952,-13.167849058057179,-0.0016529144349418407,rebalance
USDJPY,AdaptiveMomentum,2022-03-10,2022-06-07,1,130.1219814089669,132.17599487304688,0.0014854641784265406,305.11634228966295,1.655329962926162,303.4610123267368,0.015699652910770603,rebalance
XAUUSD,MetalsStatArb,2022-06-07,2022-06-08,-1,1836.9000244140627,1844.800048828125,0.10206971187924548,-80.63532157823413,0.5807358426759004,-81.21605742091003,-0.004331711203268641,rebalance
USDJPY,AdaptiveMomentum,2022-03-10,2022-06-14,1,131.32891520136886,134.22500610351562,0.001661520150591993,481.19133918629973,1.8583272327118432,479.3330119535879,0.021967031385291054,rebalance
XAUUSD,MetalsStatArb,2022-06-14,2022-06-15,-1,1825.0,1814.0999755859375,0.10871103526187285,118.49529384324234,0.6118474433527168,117.88344639988962,0.005941776665507276,rebalance
USDJPY,AdaptiveMomentum,2022-03-10,2022-06-16,1,133.18964132703334,131.65565914334076,0.0041798991703640015,-641.1890856969801,4.653529055663353,-645.8426147526435,-0.011600866865326132,atr_trailing_stop
USDJPY,AdaptiveMomentum,2022-06-17,2022-06-21,1,132.42100524902344,135.08700561523438,0.0035315545365701634,941.5125687789954,3.9559556111089593,937.5566131678864,0.02004816849944742,rebalance
USDJPY,RiskPreservation,2022-06-22,2022-07-12,1,136.2689971923828,137.38800048828125,0.0026218158006632393,293.3820522180765,2.948955491567163,290.43309672650935,0.008129182416487272,de_risk
USDJPY,AdaptiveMomentum,2022-06-22,2022-07-26,1,136.2689971923828,136.43099975585938,0.0017478772004421595,28.31605871138673,1.9626248881894284,26.353433823197303,0.0011064434800865572,rebalance
USDJPY,AdaptiveMomentum,2022-07-28,2022-07-29,1,136.11099243164062,134.39700317382812,0.004610663521243204,-790.2627746798807,5.158382712852677,-795.4211573927334,-0.01267478230123417,rebalance
USDJPY,AdaptiveMomentum,2023-03-24,2023-03-27,-1,130.86500549316406,130.8459930419922,0.0023429980915066133,4.454613681056579,2.604692201737972,1.8499214793186072,6.0333404497870806e-05,rebalance
XAUUSD,MetalsStatArb,2023-03-24,2023-03-27,1,1991.699951171875,1957.199951171875,0.10243203236180075,-353.3905116482126,0.6058240021975062,-353.9963356504101,-0.017351581486302472,rebalance
USDCHF,FXStatArb,2023-04-25,2023-04-27,-1,0.8870900273323059,0.8908100128173828,0.24289173856051638,-90.35537418902152,2.740212301805566,-93.09558649082709,-0.0043206456698193455,rebalance
EURUSD,FXStatArb,2023-04-25,2023-04-27,-1,1.1059499979019165,1.1047282218933105,0.22102263053596458,27.00401473478199,2.2565209195480733,24.747493815233916,0.0010124159738615886,rebalance
XAUUSD,MetalsStatArb,2023-05-05,2023-05-08,1,2046.4000244140625,2022.5,0.21908039414351058,-523.6026768672338,1.3243409825975214,-524.9270178498313,-0.011708597599788928,rebalance
EURUSD,RiskPreservation,2023-08-29,2023-09-18,1,1.0825556516647339,1.0668259859085083,0.11609635011715141,-182.61567828605328,1.1764800072854302,-183.7921582933387,-0.014623730661420625,de_risk
USDCHF,RiskPreservation,2023-08-29,2023-09-18,1,0.8834999799728395,0.8968799710273743,0.10931620574151886,146.26498549372081,1.2345909854209811,145.03039450829982,0.015016472841937254,de_risk
EURUSD,RiskPreservation,2023-08-29,2023-09-22,1,1.0825556516647339,1.0661548376083374,0.046438540046860564,-76.16298603590818,0.4705296686197423,-76.63351570452792,-0.015243684819133291,de_risk
USDCHF,RiskPreservation,2023-08-29,2023-09-22,1,0.8834999799728395,0.9044700264930725,0.04372648229660755,91.69463679260069,0.49450016702029476,91.2001366255804,0.02360719591679489,de_risk
EURUSD,RiskPreservation,2023-08-29,2023-09-26,1,1.0825556516647339,1.0591648817062378,0.018575416018744226,-43.44932829778095,0.1879521847702286,-43.63728048255118,-0.021700457819424555,de_risk
USDCHF,RiskPreservation,2023-08-29,2023-09-26,1,0.8834999799728395,0.9120799899101257,0.01749059291864302,49.988131942384626,0.19806627235262475,49.790065670032,0.03222045159340376,de_risk
USDCHF,RiskPreservation,2023-08-29,2023-09-28,1,0.8834999799728395,0.9208199977874756,0.006996237167457207,26.109969572492233,0.07934880327696066,26.030620769215272,0.042112736002353025,de_risk
EURUSD,RiskPreservation,2023-08-29,2023-09-28,1,1.0825556516647339,1.0505305528640747,0.007430166407497691,-23.795181330545244,0.07505256490786279,-23.870233895453108,-0.02967617356420756,de_risk
EURUSD,RiskPreservation,2023-08-29,2023-10-02,1,1.0825556516647339,1.0565240383148193,0.002972066562999077,-7.736768761820143,0.030056652038553077,-7.766825413858696,-0.024139861808022894,de_risk
USDCHF,RiskPreservation,2023-08-29,2023-10-02,1,0.8834999799728395,0.9154800176620483,0.0027984948669828825,8.949597131917015,0.031709633496842665,8.917887498420173,0.03606873662842107,de_risk
EURUSD,RiskPreservation,2023-08-29,2023-10-04,1,1.0825556516647339,1.0472300052642822,0.0011888266251996308,-4.1996068993244435,0.012000562827529305,-4.211607462151973,-0.032724960556141935,de_risk
USDCHF,RiskPreservation,2023-08-29,2023-10-04,1,0.8834999799728395,0.9209700226783752,0.001119397946793153,4.194388887082852,0.012696144399423388,4.1816927426834285,0.04228254007004124,de_risk
EURUSD,RiskPreservation,2023-08-29,2023-10-06,1,1.0825556516647339,1.0546631813049316,0.0004755306500798524,-1.3263724562529777,0.004807294537081258,-1.331179750790059,-0.02585877555613918,de_risk
USDCHF,RiskPreservation,2023-08-29,2023-10-06,1,0.8834999799728395,0.9125900268554688,0.0004477591787172613,1.3025335501012716,0.005070953319674719,1.297462596781597,0.03279773145324008,de_risk
EURUSD,RiskPreservation,2023-08-29,2023-10-10,1,1.0825556516647339,1.0578875541687012,0.00019021226003194095,-0.46921745754086464,0.0019241444453317097,-0.47114160198619637,-0.022880352810524238,de_risk
USDCHF,RiskPreservation,2023-08-29,2023-10-10,1,0.8834999799728395,0.9048399925231934,0.00017910367148690456,0.3822074597345004,0.002025605208663768,0.3801818545258366,0.02402593800981861,de_risk
USDCHF,RiskPreservation,2023-08-29,2023-10-12,1,0.8834999799728395,0.9009900093078613,7.164146859476183e-05,0.1253011387326432,0.0008096904465622841,0.12449144828608091,0.01966837569749567,de_risk
EURUSD,RiskPreservation,2023-08-29,2023-10-12,1,1.0825556516647339,1.0624282360076904,7.608490401277639e-05,-0.1531392488291404,0.0007703487328164282,-0.15390959756195682,-0.018686027079214216,de_risk
EURUSD,RiskPreservation,2023-08-29,2023-10-16,1,1.0825556516647339,1.0521553754806519,3.0433961605110556e-05,-0.09252008381711094,0.0003075142054408622,-0.0928275980225518,-0.028175289875109224,de_risk
USDCHF,RiskPreservation,2023-08-29,2023-10-16,1,0.8834999799728395,0.9024900197982788,2.8656587437904735e-05,0.05441897367069957,0.0003239621489884665,0.0540950115217111,0.02136614652285979,de_risk
EURUSD,RiskPreservation,2023-08-29,2023-10-18,1,1.0825556516647339,1.057305932044983,1.2173584642044223e-05,-0.030737959897892318,0.0001231310836489239,-0.03086109098154124,-0.023417609708478067,de_risk
USDCHF,RiskPreservation,2023-08-29,2023-10-18,1,0.8834999799728395,0.9001100063323975,1.1462634975161894e-05,0.019039466908743044,0.00012953029714419585,0.018909936611598847,0.01867235374463562,de_risk
EURUSD,RiskPreservation,2023-08-29,2023-10-20,1,1.0825556516647339,1.0586491823196411,4.8694338568176895e-06,-0.011641097122596897,4.926551519630077e-05,-0.011690362637793198,-0.022176820463521353,de_risk
USDCHF,RiskPreservation,2023-08-29,2023-10-20,1,0.8834999799728395,0.891789972782135,4.585053990064757e-06,0.0038010064607868674,5.173582325162413e-05,0.003749270637535243,0.009255412784606155,de_risk
USDCHF,RiskPreservation,2023-08-29,2023-10-24,1,0.8834999799728395,0.8906000256538391,1.8340215960259032e-06,0.001302163711172379,2.0689964523186812e-05,0.0012814737466491923,0.007908583858373569,de_risk
EURUSD,RiskPreservation,2023-08-29,2023-10-24,1,1.0825556516647339,1.0669853687286377,1.947773542727076e-06,-0.003032738515570302,1.9738680085189674e-05,-0.0030524771956554914,-0.014476505313487797,de_risk
EURUSD,RiskPreservation,2023-08-29,2023-10-26,1,1.0825556516647339,1.056725025177002,7.791094170908305e-07,-0.002012488434594779,7.879484173508537e-06,-0.002020367918768288,-0.02395420590928337,de_risk
USDCHF,RiskPreservation,2023-08-29,2023-10-26,1,0.8834999799728395,0.8967000246047974,7.336086384103614e-07,0.0009683666769406633,8.28493583312416e-06,0.000960081741107539,0.0148128024087427,de_risk
EURUSD,RiskPreservation,2023-08-29,2023-10-30,1,1.0825556516647339,1.0562450885772705,3.116437668363322e-07,-0.0008199522988162045,3.151494530903849e-06,-0.0008231037933471083,-0.024397533695953204,de_risk
USDCHF,RiskPreservation,2023-08-29,2023-10-30,1,0.8834999799728395,0.902400016784668,2.9344345536414454e-07,0.0005546092108572485,3.3173195840512835e-06,0.0005512918912731973,0.021264277574822757,de_risk
EURUSD,RiskPreservation,2023-08-29,2023-11-01,1,1.0825556516647339,1.0579099655151367,1.2465750673453285e-07,-0.0003072269787170592,1.2610128911777282e-06,-0.0003084879916082369,-0.022859650966536672,de_risk
USDCHF,RiskPreservation,2023-08-29,2023-11-01,1,0.8834999799728395,0.9097999930381775,1.1737738214565784e-07,0.0003087026684005975,1.3286650133016675e-06,0.00030737400338729583,0.02963986152697173,de_risk
EURUSD,RiskPreservation,2023-08-29,2023-11-03,1,1.0825556516647339,1.0619093179702759,4.9863002693813146e-08,-0.00010294881926241247,5.048039959155795e-07,-0.00010345362325832805,-0.019165362860479443,de_risk
USDCHF,RiskPreservation,2023-08-29,2023-11-03,1,0.8834999799728395,0.9060999751091003,4.6950952858263134e-08,0.00010610913062395605,5.311185665859413e-07,0.00010557801205737011,0.025452035819457503,de_risk
EURUSD,RiskPreservation,2023-08-29,2023-11-08,1,1.0825556516647339,1.0696102380752563,1.9945201077525262e-08,-2.581988770738576e-05,2.0222879116618343e-07,-2.6022116498551944e-05,-0.012051856894540167,de_risk
USDCHF,RiskPreservation,2023-08-29,2023-11-08,1,0.8834999799728395,0.8999699950218201,1.8780381143305255e-08,3.0931316005582906e-05,2.1221717990949659e-07,3.071909882567341e-05,0.018513883440702525,de_risk
EURUSD,RiskPreservation,2023-08-29,2023-11-10,1,1.0825556516647339,1.0667576789855957,7.978080431010106e-09,-1.2603749668106463e-05,8.084600057477033e-08,-1.2684595668681233e-05,-0.014686827239106123,de_risk
USDCHF,RiskPreservation,2023-08-29,2023-11-10,1,0.8834999799728395,0.9031500220298767,7.512152457322101e-09,1.4761411172525494e-05,8.493464965920446e-08,1.467647652286629e-05,0.022113162987504816,de_risk
XAUUSD,MetalsStatArb,2023-11-20,2023-11-21,1,1978.6999511718752,1990.699951171875,0.1811596781660679,217.39161379927734,1.0835884812911438,216.3080253179862,0.006034359071927413,rebalance
XAUUSD,MetalsStatArb,2023-12-01,2023-12-04,1,2038.300048828125,2075.300048828125,0.12333711305846533,456.3473183163217,0.7585972596220368,455.5887210566997,0.01812220630630922,rebalance
XAGUSD,MetalsStatArb,2023-12-01,2023-12-05,-1,25.523034454468647,24.55500030517578,0.30330434685754937,1468.04482693538,4.536068168684193,1463.5087587666958,0.03781067063198668,rebalance
USDJPY,AdaptiveMomentum,2023-12-11,2023-12-12,-1,144.98300170898438,146.0850067138672,0.004161942933923506,-458.64819432203603,4.753646416724876,-463.4018407387609,-0.007679705150897647,rebalance
USDCHF,RiskPreservation,2023-08-29,2023-12-14,1,0.8834999799728395,0.8709700107574463,3.004860982928841e-09,-3.765081561263447e-06,3.378046694307632e-08,-3.7988620282065232e-06,-0.014309438485779006,de_risk
EURUSD,RiskPreservation,2023-08-29,2023-12-14,1,1.0825556516647339,1.0886130332946777,3.191232172404042e-09,1.9330511138006043e-06,3.2477891249528994e-08,1.9005732225510753e-06,0.005501434831659259,de_risk
EURUSD,FXStatArb,2023-08-29,2024-01-08,1,1.0825556516647339,1.0942236185073853,2.127488114936028e-09,2.482346078320844e-06,2.835934560228236,-2.8359320778821577,-12313.41312849217,rebalance
USDCHF,FXStatArb,2023-08-29,2024-01-08,1,0.8834999799728395,0.8507300019264221,2.0032406552858942e-09,-6.564615229540945e-06,3.0792492772824893,-3.079255841897719,-17398.27153149333,rebalance
EURUSD,FXStatArb,2024-01-08,2024-01-12,-1,1.0942236185073853,1.0981649160385132,0.2783480615426309,-109.70525277522164,2.8381286436079396,-112.54338141882958,-0.003695095555480748,rebalance
USDCHF,FXStatArb,2024-01-08,2024-01-12,-1,0.8507300019264221,0.8510100245475769,0.27489713428286433,-7.697741608982662,3.079403209675449,-10.777144818658112,-0.0004608310753799461,rebalance
USDJPY,AdaptiveMomentum,2024-01-19,2024-01-22,1,148.1280059814453,148.12100219726562,0.0034712604901863692,-2.4311959304741566,3.9789045820467672,-6.410100512520923,-0.0001246638277568248,rebalance
XAUUSD,MetalsStatArb,2024-02-01,2024-02-02,1,2040.199951171875,2054.800048828125,0.24969811844118592,364.56169138231934,1.5255556488128514,363.0361357335065,0.007126263113045537,rebalance
USDJPY,AdaptiveMomentum,2024-02-07,2024-02-08,1,147.8179931640625,148.08599853515625,0.0036969999848357714,99.08158528694992,4.2373978557881316,94.84418743116179,0.0017355373701922088,rebalance
XAUUSD,MetalsStatArb,2024-05-10,2024-05-13,1,2367.300048828125,2358.300048828125,0.09597859326907872,-86.38073394217085,0.6446498289240037,-87.02538377109485,-0.0038301718472337483,rebalance
USDJPY,RiskPreservation,2024-05-10,2024-05-14,1,155.56031241640062,156.23300170898438,0.0021649520870099044,145.63400878884158,2.5166832001777943,143.1173255886638,0.004249571258124314,de_risk
USDJPY,AdaptiveMomentum,2024-05-10,2024-05-22,1,155.56031241640062,156.25100708007812,0.0014433013913399363,99.68805690768119,1.6778407744728319,98.01021613320836,0.004365314217923294,rebalance
USDJPY,RiskPreservation,2025-01-03,2025-01-10,1,157.36199951171875,158.04800415039062,0.0021875646430518014,150.067949252812,2.550910398162629,147.51703885464937,0.004285301919658493,de_risk
USDJPY,RiskPreservation,2025-01-03,2025-02-18,1,157.36199951171875,151.44400024414062,0.0008750258572207207,-517.8402382144146,1.008806810906741,-518.8490450253214,-0.03768081344912903,de_risk
USDJPY,AdaptiveMomentum,2025-01-03,2025-02-26,1,157.36199951171875,149.0780029296875,0.0005833505714804805,-483.2474140270277,0.6697774621668123,-483.91719148919447,-0.052715891815241445,rebalance
USDJPY,AdaptiveMomentum,2025-10-24,2025-10-27,1,152.6020050048828,153.06100463867188,0.0010184291586923801,46.74586108799055,1.1774283652540694,45.56843272273648,0.0029320611723415587,rebalance
USDCHF,FXStatArb,2025-10-24,2025-10-28,-1,0.795444168892157,0.7946100234985352,0.2544950822494515,21.228590055778366,2.822151967942786,18.40643808783558,0.0009092444466079116,rebalance
EURUSD,FXStatArb,2025-10-24,2025-10-28,-1,1.162214797177734,1.165175199508667,0.22563682140183683,-66.79757720223306,2.3309074280014683,-69.12848463023452,-0.0026360926072899913,rebalance
XAUUSD,MetalsStatArb,2025-11-26,2025-11-28,1,4128.60009765625,4163.39990234375,0.11206645541670532,389.98907605217715,1.157287849909253,388.8317882022679,0.00840394706892292,rebalance
