,equity
2015-01-02,1000000.0
2015-01-05,1000000.0
2015-01-06,1000000.0
2015-01-07,1000000.0
2015-01-08,1000000.0
2015-01-09,1000000.0
2015-01-12,1000000.0
2015-01-13,1000000.0
2015-01-14,1000000.0
2015-01-15,1000000.0
2015-01-16,1000000.0
2015-01-20,1000000.0
2015-01-21,1000000.0
2015-01-22,1000000.0
2015-01-23,1000000.0
2015-01-26,1000000.0
2015-01-27,1000000.0
2015-01-28,1000000.0
2015-01-29,1000000.0
2015-01-30,1000000.0
2015-02-02,1000000.0
2015-02-03,1000000.0
2015-02-04,1000000.0
2015-02-05,1000000.0
2015-02-06,1000000.0
2015-02-09,1000000.0
2015-02-10,1000000.0
2015-02-11,1000000.0
2015-02-12,1000000.0
2015-02-13,1000000.0
2015-02-17,1000000.0
2015-02-18,1000000.0
2015-02-19,1000000.0
2015-02-20,1000000.0
2015-02-23,1000000.0
2015-02-24,1000000.0
2015-02-25,1000000.0
2015-02-26,1000000.0
2015-02-27,1000000.0
2015-03-02,1000000.0
2015-03-03,1000000.0
2015-03-04,1000000.0
2015-03-05,1000000.0
2015-03-06,1000000.0
2015-03-09,1000000.0
2015-03-10,1000000.0
2015-03-11,1000000.0
2015-03-12,1000000.0
2015-03-13,1000000.0
2015-03-16,1000000.0
2015-03-17,1000000.0
2015-03-18,1000000.0
2015-03-19,1000000.0
2015-03-20,1000000.0
2015-03-23,1000000.0
2015-03-24,1000000.0
2015-03-25,1000000.0
2015-03-26,1000000.0
2015-03-27,1000000.0
2015-03-30,1000000.0
2015-03-31,1000000.0
2015-04-01,1000000.0
2015-04-02,1000000.0
2015-04-06,1000000.0
2015-04-07,1000000.0
2015-04-08,1000000.0
2015-04-09,1000000.0
2015-04-10,1000000.0
2015-04-13,1000000.0
2015-04-14,1000000.0
2015-04-15,1000000.0
2015-04-16,1000000.0
2015-04-17,1000000.0
2015-04-20,1000000.0
2015-04-21,1000000.0
2015-04-22,1000000.0
2015-04-23,1000000.0
2015-04-24,1000000.0
2015-04-27,1000000.0
2015-04-28,1000000.0
2015-04-29,1000000.0
2015-04-30,1000000.0
2015-05-01,1000000.0
2015-05-04,1000000.0
2015-05-05,1000000.0
2015-05-06,1000000.0
2015-05-07,1000000.0
2015-05-08,1000000.0
2015-05-11,1000000.0
2015-05-12,1000000.0
2015-05-13,1000000.0
2015-05-14,1000000.0
2015-05-15,1000000.0
2015-05-18,1000000.0
2015-05-19,1000000.0
2015-05-20,1000000.0
2015-05-21,1000000.0
2015-05-22,1000000.0
2015-05-26,1000000.0
2015-05-27,1000000.0
2015-05-28,1000000.0
2015-05-29,1000000.0
2015-06-01,1000000.0
2015-06-02,1000000.0
2015-06-03,1000000.0
2015-06-04,1000000.0
2015-06-05,1000000.0
2015-06-08,1000000.0
2015-06-09,1000000.0
2015-06-10,1000000.0
2015-06-11,1000000.0
2015-06-12,1000000.0
2015-06-15,1000000.0
2015-06-16,1000000.0
2015-06-17,1000000.0
2015-06-18,1000000.0
2015-06-19,1000000.0
2015-06-22,1000000.0
2015-06-23,1000000.0
2015-06-24,1000000.0
2015-06-25,1000000.0
2015-06-26,1000000.0
2015-06-29,1000000.0
2015-06-30,1000000.0
2015-07-01,1000000.0
2015-07-02,1000000.0
2015-07-06,1000000.0
2015-07-07,1000000.0
2015-07-08,1000000.0
2015-07-09,1000000.0
2015-07-10,1000000.0
2015-07-13,1000000.0
2015-07-14,1000000.0
2015-07-15,1000000.0
2015-07-16,1000000.0
2015-07-17,1000000.0
2015-07-20,1000000.0
2015-07-21,1000000.0
2015-07-22,1000000.0
2015-07-23,1000000.0
2015-07-24,1000000.0
2015-07-27,1000000.0
2015-07-28,1000000.0
2015-07-29,1000000.0
2015-07-30,1000000.0
2015-07-31,1000000.0
2015-08-03,1000000.0
2015-08-04,1000000.0
2015-08-05,1000000.0
2015-08-06,1000000.0
2015-08-07,1000000.0
2015-08-10,1000000.0
2015-08-11,1000000.0
2015-08-12,1000000.0
2015-08-13,1000000.0
2015-08-14,1000000.0
2015-08-17,1000000.0
2015-08-18,1000000.0
2015-08-19,1000000.0
2015-08-20,1000000.0
2015-08-21,1000000.0
2015-08-24,1000000.0
2015-08-25,1000000.0
2015-08-26,1000000.0
2015-08-27,1000000.0
2015-08-28,1000000.0
2015-08-31,1000000.0
2015-09-01,1000000.0
2015-09-02,1000000.0
2015-09-03,1000000.0
2015-09-04,1000000.0
2015-09-08,1000000.0
2015-09-09,1000000.0
2015-09-10,1000000.0
2015-09-11,1000000.0
2015-09-14,1000000.0
2015-09-15,1000000.0
2015-09-16,1000000.0
2015-09-17,1000000.0
2015-09-18,1000000.0
2015-09-21,1000000.0
2015-09-22,1000000.0
2015-09-23,1000000.0
2015-09-24,1000000.0
2015-09-25,1000000.0
2015-09-28,1000000.0
2015-09-29,1000000.0
2015-09-30,1000000.0
2015-10-01,1000000.0
2015-10-02,1000000.0
2015-10-05,1000000.0
2015-10-06,1000000.0
2015-10-07,1000000.0
2015-10-08,1000000.0
2015-10-09,1000000.0
2015-10-12,1000000.0
2015-10-13,1000000.0
2015-10-14,1000000.0
2015-10-15,1000000.0
2015-10-16,1000000.0
2015-10-19,1000000.0
2015-10-20,1000000.0
2015-10-21,1000000.0
2015-10-22,1000000.0
2015-10-23,1000000.0
2015-10-26,1000000.0
2015-10-27,1000000.0
2015-10-28,1000000.0
2015-10-29,1000000.0
2015-10-30,1000000.0
2015-11-02,1000000.0
2015-11-03,1000000.0
2015-11-04,1000000.0
2015-11-05,1000000.0
2015-11-06,999866.4853989625
2015-11-09,997907.5811624147
2015-11-10,998057.1808600541
2015-11-11,997993.921617298
2015-11-12,998342.3585027534
2015-11-13,999149.14346534
2015-11-16,997586.5252106789
2015-11-17,997651.4700524624
2015-11-18,997687.5508484114
2015-11-19,1000292.0432542331
2015-11-20,1000458.4543556318
2015-11-23,999432.6982298152
2015-11-24,999012.2387505184
2015-11-25,998666.426532289
2015-11-27,999534.3960368551
2015-11-30,1001042.3412024042
2015-12-01,1000217.2113256775
2015-12-02,1001220.8784543766
2015-12-03,997378.2083867779
2015-12-04,992466.8253674726
2015-12-07,995481.1961388725
2015-12-08,998299.6712366894
2015-12-09,996418.0302993562
2015-12-10,998453.2810916564
2015-12-11,1001122.3205999152
2015-12-14,1003708.0717762762
2015-12-15,1003567.8470779925
2015-12-16,996249.9570963304
2015-12-17,1002831.4535255437
2015-12-18,996362.5310509955
2015-12-21,992942.3039130582
2015-12-22,994838.2188147921
2015-12-23,994650.7377903197
2015-12-24,992790.4888033564
2015-12-28,1000923.7605054548
2015-12-29,1001034.6090806325
2015-12-30,1000793.73938871
2015-12-31,999532.9079915768
2016-01-04,1000589.2545954743
2016-01-05,1000610.7795917338
2016-01-06,1000329.5054700081
2016-01-07,1000431.6958925895
2016-01-08,1000525.5041476059
2016-01-11,1000524.9668005303
2016-01-12,1000540.9603548901
2016-01-13,1000536.4776668281
2016-01-14,1000603.9867652671
2016-01-15,1000571.2776929147
2016-01-19,1000602.277639845
2016-01-20,1000602.5616129419
2016-01-21,1000597.7763006829
2016-01-22,1000598.8710463814
2016-01-25,1000601.1638170397
2016-01-26,1000602.2783106479
2016-01-27,1000605.5778675069
2016-01-28,1000605.9378824048
2016-01-29,1000606.5219096215
2016-02-01,1000606.2561221186
2016-02-02,1000606.4837546367
2016-02-03,1000606.6378611469
2016-02-04,1000606.7925114151
2016-02-05,1000606.7682713005
2016-02-08,1000606.674780844
2016-02-09,1000606.6599509597
2016-02-10,1000606.6380199998
2016-02-11,1000606.6356980222
2016-02-12,1000606.6422469909
2016-02-16,1000606.6389360307
2016-02-17,1000606.6387204522
2016-02-18,1000606.6401986335
2016-02-19,1000606.6399476927
2016-02-22,1000606.6394752655
2016-02-23,1000606.639300217
2016-02-24,1000606.637979249
2016-02-25,1000606.6377815034
2016-02-26,1000606.637901347
2016-02-29,1000606.6378077145
2016-03-01,1000606.637740211
2016-03-02,1000606.6377163966
2016-03-03,1000606.637706768
2016-03-04,1000606.6377232751
2016-03-07,1000606.637747863
2016-03-08,1000606.6377535964
2016-03-09,1000606.6377528631
2016-03-10,1000606.6377529998
2016-03-11,1000606.6377567294
2016-03-14,1000606.6377560124
2016-03-15,1000606.6377553225
2016-03-16,1000606.6377553934
2016-03-17,1000606.6377556075
2016-03-18,1000606.6377555871
2016-03-21,1000606.6377555134
2016-03-22,1000606.6377554643
2016-03-23,1000606.6377554755
2016-03-24,1000606.6377554453
2016-03-28,1000606.6377554503
2016-03-29,1000606.6377554467
2016-03-30,1000606.6377554525
2016-03-31,1000606.6377554599
2016-04-01,1000606.6377554606
2016-04-04,1000606.6377554596
2016-04-05,1000606.6377554596
2016-04-06,1000606.6377554584
2016-04-07,1000606.6377554589
2016-04-08,1000606.6377554579
2016-04-11,1000606.637755458
2016-04-12,1000606.6377554587
2016-04-13,1000606.637755458
2016-04-14,1000606.6377554581
2016-04-15,1000606.6377554577
2016-04-18,1000606.6377554589
2016-04-19,1000606.6377554586
2016-04-20,1000606.6377554596
2016-04-21,1000606.6377554612
2016-04-22,1000606.637755462
2016-04-25,1000606.6377554609
2016-04-26,1000606.637755461
2016-04-27,1000606.6377554619
2016-04-28,1000606.637755462
2016-04-29,1000606.6377554613
2016-05-02,1000606.6377554628
2016-05-03,1000606.637755464
2016-05-04,1000606.6377554626
2016-05-05,1000606.6377554634
2016-05-06,1000606.637755464
2016-05-09,1000606.6377554643
2016-05-10,1000606.6377553868
2016-05-11,1000606.6377553875
2016-05-12,1000606.6377553866
2016-05-13,1000606.6377553868
2016-05-16,1000606.6377553875
2016-05-17,1000606.6377553879
2016-05-18,1000606.6377553882
2016-05-19,1000606.6377553894
2016-05-20,1000606.6377553899
2016-05-23,1000606.63775539
2016-05-24,1000606.6377553898
2016-05-25,1000606.6377553904
2016-05-26,1000606.63775539
2016-05-27,1000606.6377553897
2016-05-31,1000606.63775539
2016-06-01,1000606.6377553904
2016-06-02,1000606.6377553896
2016-06-03,1000606.6377553899
2016-06-06,1000606.6377553876
2016-06-07,1000606.6377553866
2016-06-08,1000606.6377553858
2016-06-09,1000606.6377553847
2016-06-10,1000606.6377553857
2016-06-13,1000606.6377553857
2016-06-14,1000606.6377553854
2016-06-15,1000606.6377553855
2016-06-16,1000606.6377553851
2016-06-17,1000606.6377553858
2016-06-20,1000606.6377553849
2016-06-21,1000606.6377553853
2016-06-22,1000606.6377553853
2016-06-23,1000606.6377553849
2016-06-24,1000606.6377553853
2016-06-27,1000606.637755387
2016-06-28,1000606.6377553879
2016-06-29,1000606.6377553883
2016-06-30,1000606.637755388
2016-07-01,1000606.6377553876
2016-07-05,1000606.6377553868
2016-07-06,1000606.6377553877
2016-07-07,1000606.6377553873
2016-07-08,1000606.637755388
2016-07-11,1000606.6377553887
2016-07-12,1000606.6377553886
2016-07-13,1000606.6377553897
2016-07-14,1000606.6377553889
2016-07-15,1000606.6377553884
2016-07-18,1000606.6377553889
2016-07-19,1000606.6377553886
2016-07-20,1000606.6377553892
2016-07-21,1000606.6377553892
2016-07-22,1000606.637755389
2016-07-25,1000606.6377553896
2016-07-26,1000606.6377553892
2016-07-27,1000606.6377553901
2016-07-28,1000606.637755389
2016-07-29,1000606.6377553882
2016-08-01,1000606.6377553865
2016-08-02,1000606.6377553863
2016-08-03,1000606.6377553857
2016-08-04,1000606.637755387
2016-08-05,1000606.6377553872
2016-08-08,1000606.6377553883
2016-08-09,1000606.6377553886
2016-08-10,1000606.6377553884
2016-08-11,1000606.6377553872
2016-08-12,1000606.6377553873
2016-08-15,1000606.6377553873
2016-08-16,1000606.6377553871
2016-08-17,1000606.6377553853
2016-08-18,1000606.6377553853
2016-08-19,1000606.6377553841
2016-08-22,1000606.6377553853
2016-08-23,1000606.6377553854
2016-08-24,1000606.6377553855
2016-08-25,1000606.6377553862
2016-08-26,1000606.6377553861
2016-08-29,1000606.6377553878
2016-08-30,1000606.6377553878
2016-08-31,1000606.6377553887
2016-09-01,1000606.6377553887
2016-09-02,1000606.6377553882
2016-09-06,1000606.6377553882
2016-09-07,1000606.6377553866
2016-09-08,1000606.6377553865
2016-09-09,1000606.6377553869
2016-09-12,1000606.6377553873
2016-09-13,1000606.6377553868
2016-09-14,1000606.6377553877
2016-09-15,1000606.6377553871
2016-09-16,1000606.6377553868
2016-09-19,1000606.6377553882
2016-09-20,1000606.6377553882
2016-09-21,1000606.637755388
2016-09-22,1000606.6377553871
2016-09-23,1000606.6377553864
2016-09-26,1000606.6377553864
2016-09-27,1000606.6377553864
2016-09-28,1000606.6377553866
2016-09-29,1000606.6377553866
2016-09-30,1000606.637755386
2016-10-03,1000606.6377553869
2016-10-04,1000606.6377553872
2016-10-05,1000606.6377553879
2016-10-06,1000606.6377553872
2016-10-07,1000606.6377553883
2016-10-11,1000606.6377553885
2016-10-12,1000606.6377553894
2016-10-13,1000606.6377553898
2016-10-14,1000606.6377553893
2016-10-17,1000606.6377553899
2016-10-18,1000606.6377553894
2016-10-19,1000606.6377553898
2016-10-20,1000606.6377553897
2016-10-21,1000606.6377553903
2016-10-24,1000606.6377553905
2016-10-25,1000606.6377553905
2016-10-26,1000606.6377553906
2016-10-27,1000606.6377553904
2016-10-28,1000606.6377553905
2016-10-31,1000606.6377553894
2016-11-01,1000606.6377553897
2016-11-02,1000606.6377553873
2016-11-03,1000606.6377553871
2016-11-04,1000606.6377553872
2016-11-07,1000606.6377553873
2016-11-08,1000606.6377553872
2016-11-09,1000606.6377553882
2016-11-10,1000606.637755389
2016-11-14,1000606.6377553898
2016-11-15,1000606.637755391
2016-11-16,1000606.6377553917
2016-11-17,1000606.6377553915
2016-11-18,1000606.6377553926
2016-11-21,1000606.6377553933
2016-11-22,1000606.6377553927
2016-11-23,1000606.6377553933
2016-11-25,1000606.6377553941
2016-11-28,1000606.6377553935
2016-11-29,1000606.6377553934
2016-11-30,1000606.6377553934
2016-12-01,1000606.6377553942
2016-12-02,1000606.6377553932
2016-12-05,1000606.6377553937
2016-12-06,1000606.6377553926
2016-12-07,1000606.637755393
2016-12-08,1000606.6377553926
2016-12-09,1000606.637755394
2016-12-12,1000606.6377553943
2016-12-13,1000606.6377553936
2016-12-14,1000606.6377553934
2016-12-15,1000606.637755395
2016-12-16,1000606.6377553963
2016-12-19,1000606.6377553958
2016-12-20,1000606.6377553958
2016-12-21,1000606.6377553962
2016-12-22,1000606.6377553957
2016-12-23,1000606.6377553956
2016-12-27,1000606.6377553958
2016-12-28,1000606.637755396
2016-12-29,1000606.6377553961
2016-12-30,1000606.6377553942
2017-01-03,1000606.6377553954
2017-01-04,1000606.6377553957
2017-01-05,1000606.6377553947
2017-01-06,1000606.637755393
2017-01-09,1000606.6377553943
2017-01-10,1000606.6377553937
2017-01-11,1000606.6377553942
2017-01-12,1000606.6377553935
2017-01-13,1000606.6377553932
2017-01-17,1000606.6377553933
2017-01-18,1000606.6377553919
2017-01-19,1000606.6377553927
2017-01-20,1000606.6377553925
2017-01-23,1000606.6377553917
2017-01-24,1000606.6377553911
2017-01-25,1000606.6377553917
2017-01-26,1000606.6377553913
2017-01-27,1000606.6377553914
2017-01-30,1000606.6377553911
2017-01-31,1000606.6377553905
2017-02-01,1000606.6377553897
2017-02-02,1000606.6377553904
2017-02-03,1000606.6377553903
2017-02-06,1000606.6377553903
2017-02-07,1000606.63775539
2017-02-08,1000606.6377553911
2017-02-09,1000606.6377553907
2017-02-10,1000606.6377553917
2017-02-13,1000452.2668993754
2017-02-14,1000419.815354484
2017-02-15,1000296.6181575005
2017-02-16,1000296.6181575003
2017-02-17,1000296.618157499
2017-02-21,1000296.6181575
2017-02-22,1000296.618157501
2017-02-23,1000296.6181575012
2017-02-24,1000296.6181575005
2017-02-27,1000296.618157501
2017-02-28,1000284.7668447937
2017-03-01,1000169.0668789626
2017-03-02,1000169.0668789631
2017-03-03,1000169.0668789636
2017-03-06,1000169.0668789627
2017-03-07,1000169.0668789634
2017-03-08,1000169.0668789635
2017-03-09,1000169.0668789637
2017-03-10,1000169.0668789634
2017-03-13,1000152.3355791549
2017-03-14,1000209.2519956507
2017-03-15,1000124.4073158498
2017-03-16,1000124.4073158483
2017-03-17,1000124.4073158477
2017-03-20,1000124.4073158479
2017-03-21,1000124.407315848
2017-03-22,1000124.4073158472
2017-03-23,1000124.407315847
2017-03-24,1000115.071833083
2017-03-27,1000248.3911170487
2017-03-28,1000227.9930126894
2017-03-29,1000128.5424382971
2017-03-30,1000128.5424382979
2017-03-31,1000128.5424382985
2017-04-03,1000128.5424382987
2017-04-04,1000128.5424382986
2017-04-05,999867.1454888156
2017-04-06,1000144.4087937782
2017-04-07,1000144.4087937785
2017-04-10,1000144.4087937791
2017-04-11,1000144.4087937789
2017-04-12,1000144.4087937787
2017-04-13,1000144.4087937779
2017-04-17,1000144.4087937784
2017-04-18,1000144.4087937783
2017-04-19,1000144.408793777
2017-04-20,1000144.4087937772
2017-04-21,1000144.4087937773
2017-04-24,1000144.4087937764
2017-04-25,1000141.8909691077
2017-04-26,1000082.4230395616
2017-04-27,1000111.6357089074
2017-04-28,1000107.3942325964
2017-05-01,1000045.8373762144
2017-05-02,1000017.2155750867
2017-05-03,1000051.8183271536
2017-05-04,1000064.9755569411
2017-05-05,1000061.014287577
2017-05-08,1000018.9246101263
2017-05-09,1000018.9246101263
2017-05-10,1000018.9246101263
2017-05-11,1000018.9246101263
2017-05-12,1000018.9246101263
2017-05-15,1000018.9246101263
2017-05-16,1000018.9246101263
2017-05-17,1000018.9246101263
2017-05-18,1000018.9246101263
2017-05-19,1000018.9246101263
2017-05-22,1000018.9246101263
2017-05-23,1000018.9246101263
2017-05-24,1000008.9111937843
2017-05-25,1000113.9733283429
2017-05-26,1000113.9733283429
2017-05-30,1000113.9733283429
2017-05-31,1000113.9733283429
2017-06-01,1000113.9733283429
2017-06-02,1000409.2201311636
2017-06-05,1000469.3774117454
2017-06-06,1000469.3774117454
2017-06-07,1000469.3774117454
2017-06-08,1000469.3774117454
2017-06-09,1000469.3774117454
2017-06-12,1000469.3774117454
2017-06-13,1000469.3774117454
2017-06-14,1000469.3774117454
2017-06-15,1000469.3774117454
2017-06-16,1000469.3774117454
2017-06-19,1000469.3774117454
2017-06-20,1000469.3774117454
2017-06-21,1000469.3774117454
2017-06-22,1000469.3774117454
2017-06-23,1000469.3774117454
2017-06-26,1000469.3774117454
2017-06-27,1000469.3774117454
2017-06-28,1000469.3774117454
2017-06-29,1000469.3774117454
2017-06-30,1000469.3774117454
2017-07-03,1000469.3774117454
2017-07-05,1000469.3774117454
2017-07-06,1000469.3774117454
2017-07-07,1000469.3774117454
2017-07-10,1000469.3774117454
2017-07-12,1000462.4901860121
2017-07-13,1000293.6987348808
2017-07-14,1000293.6987348808
2017-07-17,1000293.6987348808
2017-07-18,1000293.6987348808
2017-07-19,1000293.6987348808
2017-07-20,1000293.6987348808
2017-07-21,1000293.6987348808
2017-07-24,1000293.6987348808
2017-07-25,1000293.6987348808
2017-07-26,1000293.6987348808
2017-07-27,1000293.6987348808
2017-07-28,1000293.6987348808
2017-07-31,1000286.5634285763
2017-08-01,1000199.4078737882
2017-08-02,1000160.908913922
2017-08-03,1000208.1175252113
2017-08-04,1000236.8947408162
2017-08-07,1000273.3327666118
2017-08-08,1000273.3327666118
2017-08-09,1000273.3327666118
2017-08-10,1000273.3327666118
2017-08-11,1000312.3609004271
2017-08-14,1000331.2183503193
2017-08-15,1000331.2183503193
2017-08-16,1000331.2183503193
2017-08-17,1000331.2183503193
2017-08-18,1000331.2183503193
2017-08-21,1000331.2183503193
2017-08-22,1000331.2183503193
2017-08-23,1000331.2183503193
2017-08-24,1000331.2183503193
2017-08-25,1000331.2183503193
2017-08-28,1000331.2183503193
2017-08-29,1000331.2183503193
2017-08-30,1000331.2183503193
2017-08-31,1000331.2183503193
2017-09-01,1000331.2183503193
2017-09-05,1000346.6271520363
2017-09-06,1000514.9803330421
2017-09-07,1000066.3033599306
2017-09-08,999898.1927430417
2017-09-11,999887.9323955894
2017-09-12,999887.9323955894
2017-09-13,999887.9323955894
2017-09-14,999887.9323955894
2017-09-15,999887.9323955894
2017-09-18,999887.9323955894
2017-09-19,999887.9323955894
2017-09-20,999887.9323955894
2017-09-21,999887.9323955894
2017-09-22,999887.9323955894
2017-09-25,999887.9323955894
2017-09-26,999887.8010364259
2017-09-27,1000006.4996995918
2017-09-28,1000006.4996995918
2017-09-29,1000006.4996995918
2017-10-02,1000006.4996995918
2017-10-03,1000006.4996995918
2017-10-04,1000006.4996995918
2017-10-05,1000006.4996995918
2017-10-06,1000006.4996995918
2017-10-09,1000006.4996995918
2017-10-10,1000006.4996995918
2017-10-11,1000006.4996995918
2017-10-12,1000006.4996995918
2017-10-13,1000006.4996995918
2017-10-16,1000006.4996995918
2017-10-17,1000006.4996995918
2017-10-18,1000006.4996995918
2017-10-19,1000006.4996995918
2017-10-20,1000006.4996995918
2017-10-23,999979.5075920783
2017-10-24,999896.5307057793
2017-10-25,999896.5307057793
2017-10-26,999896.5307057793
2017-10-27,999896.5307057793
2017-10-30,999896.5307057793
2017-10-31,999896.5307057793
2017-11-01,999896.5307057793
2017-11-02,999896.5307057793
2017-11-03,999896.5307057793
2017-11-06,999896.5307057793
2017-11-07,999896.5307057793
2017-11-08,999896.5307057793
2017-11-09,999896.5307057793
2017-11-10,999896.5307057793
2017-11-13,999896.5307057793
2017-11-14,999896.5307057793
2017-11-15,999896.5307057793
2017-11-17,999896.5307057793
2017-11-20,999896.5307057793
2017-11-21,999896.5307057793
2017-11-22,999896.5307057793
2017-11-24,999896.5307057793
2017-11-27,999896.5307057793
2017-11-28,999896.5307057793
2017-11-29,999896.5307057793
2017-11-30,999896.5307057793
2017-12-01,999896.5307057793
2017-12-04,999896.5307057793
2017-12-05,999896.5307057793
2017-12-06,999896.5307057793
2017-12-07,999896.5307057793
2017-12-08,999911.9074234843
2017-12-11,999859.7316738681
2017-12-12,999856.3714594892
2017-12-13,999850.261760663
2017-12-14,999850.261760663
2017-12-15,999850.261760663
2017-12-18,999850.261760663
2017-12-19,999850.261760663
2017-12-20,999850.261760663
2017-12-21,999850.261760663
2017-12-22,999850.261760663
2017-12-26,999850.261760663
2017-12-27,999848.882845179
2017-12-28,999850.1791379312
2017-12-29,999850.1791379312
2018-01-02,999850.1791379312
2018-01-03,999797.2070239636
2018-01-04,999840.6386102153
2018-01-05,999840.6386102153
2018-01-08,999839.3792156376
2018-01-09,999876.9258276785
2018-01-10,999876.9258276785
2018-01-11,999876.9258276785
2018-01-12,999876.9258276785
2018-01-16,999876.9258276785
2018-01-17,999874.1634056127
2018-01-18,999892.212944039
2018-01-19,999954.3795985366
2018-01-22,999954.3795985366
2018-01-23,999954.3795985366
2018-01-24,999954.3795985366
2018-01-25,999954.3795985366
2018-01-26,999954.3795985366
2018-01-30,999954.3795985366
2018-01-31,999954.3795985366
2018-02-01,999954.3795985366
2018-02-02,999954.3795985366
2018-02-05,999954.3795985366
2018-02-06,999954.3795985366
2018-02-07,999952.1692499663
2018-02-08,999920.3888686377
2018-02-09,999920.3888686377
2018-02-12,999920.3888686377
2018-02-13,999920.3888686377
2018-02-14,999920.3888686377
2018-02-15,999921.1997547118
2018-02-16,999949.5838142227
2018-02-20,999949.5838142227
2018-02-21,999949.5838142227
2018-02-22,999949.5838142227
2018-02-23,999949.5838142227
2018-02-26,999949.5838142227
2018-02-27,999949.5838142227
2018-02-28,999949.5838142227
2018-03-01,999949.5838142227
2018-03-02,999949.5838142227
2018-03-05,999949.5838142227
2018-03-06,999949.5838142227
2018-03-07,999949.5838142227
2018-03-08,999949.5838142227
2018-03-09,999949.5838142227
2018-03-12,999949.5838142227
2018-03-13,999949.5838142227
2018-03-14,999949.5838142227
2018-03-15,999949.5838142227
2018-03-16,999949.5838142227
2018-03-19,999949.5838142227
2018-03-20,999949.5838142227
2018-03-21,999949.5838142227
2018-03-22,999949.5838142227
2018-03-23,999949.5838142227
2018-03-26,999949.5838142227
2018-03-27,999949.5838142227
2018-03-28,999949.5838142227
2018-03-29,999949.5838142227
2018-04-02,999949.5838142227
2018-04-03,999949.5838142227
2018-04-04,999949.5838142227
2018-04-05,999949.5838142227
2018-04-06,999949.5838142227
2018-04-09,999949.5838142227
2018-04-10,999949.5838142227
2018-04-11,999949.5838142227
2018-04-12,999949.5838142227
2018-04-13,999949.5838142227
2018-04-16,999949.5838142227
2018-04-17,999949.5838142227
2018-04-18,999949.5838142227
2018-04-19,999945.7560956649
2018-04-20,999944.783478441
2018-04-23,999966.4630015951
2018-04-24,1000003.2418121609
2018-04-25,999965.4376103231
2018-04-26,999988.8088599453
2018-04-27,999979.4018167151
2018-04-30,999974.5746806129
2018-05-01,999987.8278080876
2018-05-02,1000008.5671905846
2018-05-03,1000017.4537774287
2018-05-04,999999.3934250926
2018-05-07,999997.0390421373
2018-05-08,1000002.0254264034
2018-05-09,1000071.3365040588
2018-05-10,1000044.7128987696
2018-05-11,1000000.0179587378
2018-05-14,999998.2081933743
2018-05-15,1000012.2776386926
2018-05-16,1000106.0761096786
2018-05-17,1000194.201374795
2018-05-18,1000222.091698309
2018-05-21,1000333.8834601062
2018-05-22,1000430.1951513638
2018-05-23,1000137.8189684586
2018-05-24,1000619.6693652306
2018-05-25,1000619.6693652306
2018-05-29,1000619.6693652306
2018-05-30,1000619.6693652306
2018-05-31,1000619.6693652306
2018-06-01,1000619.6693652306
2018-06-04,1000619.6693652306
2018-06-05,1000619.6693652306
2018-06-06,1000619.6693652306
2018-06-07,1000619.6693652306
2018-06-08,1000619.6693652306
2018-06-11,1000619.6693652306
2018-06-12,1000619.6693652306
2018-06-13,1000619.6693652306
2018-06-14,1000619.6693652306
2018-06-15,1000619.6693652306
2018-06-18,1000619.6693652306
2018-06-19,1000619.6693652306
2018-06-20,1000619.6693652306
2018-06-21,1000619.6693652306
2018-06-22,1000619.6693652306
2018-06-25,1000619.6693652306
2018-06-26,1000619.6693652306
2018-06-27,1000619.6693652306
2018-06-28,1000619.6693652306
2018-06-29,1000619.6693652306
2018-07-02,1000619.6693652306
2018-07-03,1000619.6693652306
2018-07-05,1000619.6693652306
2018-07-06,1000619.6693652306
2018-07-09,1000674.7643986711
2018-07-10,1000783.2448419672
2018-07-11,1001543.4612448503
2018-07-12,1001072.08387296
2018-07-13,1001516.6576762076
2018-07-16,1001524.4129843765
2018-07-17,1001586.9361928214
2018-07-18,1001586.9361928214
2018-07-19,1001586.9361928214
2018-07-20,1001586.9361928214
2018-07-23,1001586.9361928214
2018-07-24,1001586.9361928214
2018-07-25,1001586.9361928214
2018-07-26,1001586.9361928214
2018-07-27,1001586.9361928214
2018-07-30,1001586.9361928214
2018-07-31,1001586.9361928214
2018-08-01,1001586.9361928214
2018-08-02,1001586.9361928214
2018-08-03,1001120.8702646025
2018-08-06,1001106.3445034665
2018-08-07,1001106.3445034665
2018-08-08,1001106.3445034665
2018-08-09,1001106.3445034665
2018-08-10,1001106.3445034665
2018-08-13,1001106.3445034665
2018-08-14,1001106.3445034665
2018-08-15,1001106.3445034665
2018-08-16,1001106.3445034665
2018-08-17,1001106.3445034665
2018-08-20,1001106.3445034665
2018-08-21,1001106.3445034665
2018-08-22,1001106.3445034665
2018-08-23,1001106.3445034665
2018-08-24,1001106.3445034665
2018-08-27,1001106.3445034665
2018-08-28,1001106.3445034665
2018-08-29,1001106.3445034665
2018-08-30,1001106.3445034665
2018-08-31,1001106.3445034665
2018-09-04,1001106.3445034665
2018-09-05,1001106.3445034665
2018-09-06,1001106.3445034665
2018-09-07,1001106.3445034665
2018-09-10,1001106.3445034665
2018-09-11,1001106.3445034665
2018-09-12,1001106.3445034665
2018-09-13,1001125.1279848653
2018-09-14,1001536.3891633054
2018-09-17,1001536.3891633054
2018-09-18,1001536.3891633054
2018-09-19,1001536.3891633054
2018-09-20,1001536.3891633054
2018-09-21,1001536.3891633054
2018-09-24,1001536.3891633054
2018-09-25,1001536.3891633054
2018-09-26,1001536.3891633054
2018-09-27,1002219.8928511015
2018-09-28,1002251.1655581279
2018-10-01,1002251.1655581279
2018-10-02,1002251.1655581279
2018-10-03,1002251.1655581279
2018-10-04,1002251.1655581279
2018-10-05,1002251.1655581279
2018-10-08,1002251.1655581279
2018-10-09,1002251.1655581279
2018-10-10,1002241.5193754603
2018-10-11,1001624.1151268622
2018-10-12,1001624.1151268622
2018-10-15,1001624.1151268622
2018-10-16,1001624.1151268622
2018-10-17,1001624.1151268622
2018-10-18,1001624.1151268622
2018-10-19,1001624.1151268622
2018-10-22,1001624.1151268622
2018-10-23,1002077.8209991967
2018-10-24,1001979.9956796726
2018-10-25,1001979.9956796726
2018-10-26,1001979.9956796726
2018-10-29,1001979.9956796726
2018-10-30,1001979.9956796726
2018-10-31,1001979.9956796726
2018-11-01,1001976.2956403207
2018-11-02,1001888.9275235797
2018-11-05,1002161.3096108614
2018-11-06,1002230.0484102159
2018-11-07,1002305.2077320055
2018-11-08,1002423.4090599223
2018-11-09,1002684.2293056584
2018-11-12,1002615.4905063038
2018-11-13,1002519.1287569914
2018-11-14,1002578.8739237743
2018-11-15,1002434.3337503865
2018-11-16,1002428.5503790326
2018-11-19,1001898.5681095569
2018-11-20,1001715.6424817704
2018-11-21,1001715.6424817704
2018-11-23,1001511.6706280913
2018-11-26,1001466.8682870718
2018-11-27,1001466.8682870718
2018-11-28,1001456.2747778116
2018-11-29,1001348.1874921925
2018-11-30,1001274.7704472155
2018-12-03,1001454.2364959653
2018-12-04,1001550.9744539637
2018-12-06,1000918.1904355758
2018-12-07,1000918.1904355758
2018-12-10,1000918.1904355758
2018-12-11,1000918.1904355758
2018-12-12,1000918.1904355758
2018-12-13,1000918.1904355758
2018-12-14,1000918.1904355758
2018-12-17,1000918.1904355758
2018-12-18,1000918.1904355758
2018-12-19,1000918.1904355758
2018-12-20,1000918.1904355758
2018-12-21,1000918.1904355758
2018-12-24,1000918.1904355758
2018-12-26,1000918.1904355758
2018-12-27,1000918.1904355758
2018-12-28,1000918.1904355758
2018-12-31,1000918.1904355758
2019-01-02,1000918.1904355758
2019-01-03,1000918.1904355758
2019-01-04,1000918.1904355758
2019-01-07,1000918.1904355758
2019-01-08,1000918.1904355758
2019-01-09,1000918.1904355758
2019-01-10,1000918.1904355758
2019-01-11,1000918.1904355758
2019-01-14,1000918.1904355758
2019-01-15,1000918.1904355758
2019-01-16,1000918.1904355758
2019-01-17,1000918.1904355758
2019-01-18,1000918.1904355758
2019-01-22,1000918.1904355758
2019-01-23,1000918.1904355758
2019-01-24,1000918.1904355758
2019-01-25,1000918.1904355758
2019-01-28,1000918.1904355758
2019-01-29,1000918.1904355758
2019-01-30,1000918.1904355758
2019-01-31,1000918.1904355758
2019-02-01,1000918.1904355758
2019-02-04,1000918.1904355758
2019-02-05,1000918.1904355758
2019-02-06,1000918.1904355758
2019-02-07,1000918.1904355758
2019-02-08,1000918.1904355758
2019-02-11,1000918.1904355758
2019-02-12,1000918.1904355758
2019-02-13,1000918.1904355758
2019-02-14,1000918.1904355758
2019-02-15,1000918.1904355758
2019-02-19,1000918.1904355758
2019-02-20,1000918.1904355758
2019-02-21,1000918.1904355758
2019-02-22,1000918.1904355758
2019-02-25,1000918.1904355758
2019-02-26,1000918.1904355758
2019-02-27,1000918.1904355758
2019-02-28,1000918.1904355758
2019-03-01,1000918.1904355758
2019-03-04,1000918.1904355758
2019-03-05,1000918.1904355758
2019-03-06,1000918.1904355758
2019-03-07,1000918.1904355758
2019-03-08,1000918.1904355758
2019-03-11,1000918.1904355758
2019-03-12,1000918.1904355758
2019-03-13,1000918.1904355758
2019-03-14,1000918.1904355758
2019-03-15,1000918.1904355758
2019-03-18,1000918.1904355758
2019-03-19,1000918.1904355758
2019-03-20,1000918.1904355758
2019-03-21,1000918.1904355758
2019-03-22,1000918.1904355758
2019-03-25,1000918.1904355758
2019-03-26,1000918.1904355758
2019-03-27,1000916.6983972067
2019-03-28,1000862.3087353315
2019-03-29,1000815.5073221585
2019-04-01,1000815.5073221585
2019-04-02,1000815.5073221585
2019-04-03,1000815.5073221585
2019-04-04,1000815.5073221585
2019-04-05,1000812.0497003543
2019-04-08,1000822.0909506589
2019-04-09,1000822.0909506589
2019-04-10,1000822.0909506589
2019-04-11,1000256.9930003339
2019-04-12,1000402.6372535708
2019-04-15,1000402.6372535708
2019-04-16,1000402.6372535708
2019-04-17,1000402.6372535708
2019-04-18,1000402.6372535708
2019-04-22,1000402.6372535708
2019-04-23,1000402.6372535708
2019-04-24,1000402.6372535708
2019-04-25,1000508.1015458263
2019-04-26,1000295.3619574326
2019-04-29,1000344.3886980767
2019-04-30,1000344.3886980767
2019-05-01,1000344.3886980767
2019-05-02,1000344.3886980767
2019-05-03,1000344.3886980767
2019-05-06,1000344.3886980767
2019-05-07,1000344.3886980767
2019-05-08,1000344.3886980767
2019-05-09,1000344.3886980767
2019-05-10,1000344.3886980767
2019-05-13,1000344.3886980767
2019-05-14,1000344.3886980767
2019-05-15,1000344.3886980767
2019-05-16,1000332.5174219843
2019-05-17,1000235.6233479643
2019-05-20,1000235.6233479643
2019-05-21,1000235.6233479643
2019-05-23,1000235.6233479643
2019-05-24,1000235.6233479643
2019-05-28,1000235.6233479643
2019-05-29,1000235.6233479643
2019-05-30,1000235.6233479643
2019-05-31,1000235.6233479643
2019-06-03,1000235.6233479643
2019-06-04,1000218.0179809388
2019-06-05,1000319.4532048102
2019-06-06,1000319.4532048102
2019-06-07,1000319.4532048102
2019-06-10,1000319.4532048102
2019-06-11,1000319.4532048102
2019-06-12,1000319.4532048102
2019-06-13,1000319.4532048102
2019-06-14,1000319.4532048102
2019-06-17,1000319.4532048102
2019-06-18,1000319.4532048102
2019-06-19,1000319.4532048102
2019-06-20,1000319.4532048102
2019-06-21,1000319.4532048102
2019-06-24,1000319.4532048102
2019-06-25,1000319.4532048102
2019-06-26,1000319.4532048102
2019-06-27,1000319.4532048102
2019-06-28,1000319.4532048102
2019-07-01,1000319.4532048102
2019-07-02,1000319.4532048102
2019-07-03,1000319.4532048102
2019-07-05,1000319.4532048102
2019-07-08,1000314.9181844502
2019-07-09,1000248.2595500294
2019-07-10,1000248.2595500294
2019-07-11,1000248.2595500294
2019-07-12,1000248.2595500294
2019-07-15,1000248.2595500294
2019-07-16,1000248.2595500294
2019-07-17,1000248.2595500294
2019-07-18,1000248.2595500294
2019-07-19,1000248.2595500294
2019-07-22,1000248.2595500294
2019-07-23,1000248.2595500294
2019-07-24,1000248.2595500294
2019-07-25,1000248.2595500294
2019-07-26,1000248.2595500294
2019-07-29,1000248.2595500294
2019-07-30,1000248.2595500294
2019-07-31,1000248.2595500294
2019-08-01,1000248.2595500294
2019-08-02,1000248.2595500294
2019-08-05,1000248.2595500294
2019-08-06,1000248.2595500294
2019-08-07,1000248.2595500294
2019-08-08,1000248.2595500294
2019-08-09,1000248.2595500294
2019-08-12,1000248.2595500294
2019-08-13,1000248.2595500294
2019-08-14,1000248.2595500294
2019-08-15,1000248.2595500294
2019-08-16,1000248.2595500294
2019-08-19,1000248.2595500294
2019-08-20,1000248.2595500294
2019-08-21,1000248.2595500294
2019-08-22,1000248.2595500294
2019-08-23,1000248.2595500294
2019-08-26,1000248.2595500294
2019-08-27,1000248.2595500294
2019-08-28,1000248.2595500294
2019-08-29,1000248.2595500294
2019-08-30,1000248.2595500294
2019-09-03,1000248.2595500294
2019-09-04,1000248.2595500294
2019-09-05,1000248.2595500294
2019-09-06,1000248.2595500294
2019-09-09,1000248.2595500294
2019-09-10,1000248.2595500294
2019-09-11,1000248.2595500294
2019-09-12,1000248.2595500294
2019-09-13,1000248.2595500294
2019-09-16,1000248.2595500294
2019-09-17,1000248.2595500294
2019-09-18,1000248.2595500294
2019-09-19,1000248.2595500294
2019-09-20,1000248.2595500294
2019-09-23,1000248.2595500294
2019-09-24,1000248.2595500294
2019-09-25,1000248.2595500294
2019-09-26,1000248.2595500294
2019-09-27,1000248.2595500294
2019-09-30,1000248.2595500294
2019-10-01,1000248.2595500294
2019-10-02,1000248.2595500294
2019-10-03,1000248.2595500294
2019-10-04,1000248.2595500294
2019-10-07,1000248.233553251
2019-10-08,1000233.2521112527
2019-10-09,1000193.5857408155
2019-10-10,1000193.5857408155
2019-10-11,1000193.5857408155
2019-10-14,1000193.5857408155
2019-10-15,1000193.8707597613
2019-10-16,1000283.281211758
2019-10-17,1000283.281211758
2019-10-18,1000283.281211758
2019-10-21,1000283.281211758
2019-10-22,1000283.281211758
2019-10-23,1000283.281211758
2019-10-24,1000283.281211758
2019-10-25,1000283.281211758
2019-10-28,1000283.281211758
2019-10-29,1000283.281211758
2019-10-30,1000283.281211758
2019-10-31,1000283.281211758
2019-11-01,1000283.281211758
2019-11-04,1000283.281211758
2019-11-05,1000283.281211758
2019-11-06,1000234.5821165951
2019-11-07,1000207.6574073625
2019-11-08,1000207.6574073625
2019-11-11,1000207.6574073625
2019-11-12,1000207.6574073625
2019-11-13,1000207.6574073625
2019-11-14,1000207.6574073625
2019-11-15,1000207.6574073625
2019-11-18,1000207.6574073625
2019-11-19,1000207.6574073625
2019-11-20,1000207.6574073625
2019-11-21,1000207.6574073625
2019-11-22,1000207.6574073625
2019-11-25,1000207.6574073625
2019-11-26,1000207.6574073625
2019-11-27,1000207.6574073625
2019-11-29,1000207.6574073625
2019-12-02,1000207.6574073625
2019-12-03,1000207.6574073625
2019-12-04,1000207.6574073625
2019-12-05,1000207.6574073625
2019-12-06,1000207.6574073625
2019-12-09,1000207.6574073625
2019-12-10,1000207.6574073625
2019-12-11,1000207.6574073625
2019-12-12,1000207.6574073625
2019-12-13,1000207.6574073625
2019-12-16,1000207.6574073625
2019-12-17,1000207.6574073625
2019-12-18,1000207.6574073625
2019-12-19,1000207.6574073625
2019-12-20,1000207.6574073625
2019-12-23,1000207.6574073625
2019-12-24,1000207.6574073625
2019-12-26,1000207.6574073625
2019-12-27,1000207.6574073625
2019-12-30,1000207.6574073625
2019-12-31,1000207.6574073625
2020-01-02,1000304.9196116752
2020-01-03,1000389.9232342825
2020-01-06,1000389.9232342825
2020-01-07,1000389.9232342825
2020-01-08,1000389.9232342825
2020-01-09,1000389.9232342825
2020-01-10,1000389.9232342825
2020-01-13,1000389.9232342825
2020-01-14,1000389.9232342825
2020-01-15,1000389.9232342825
2020-01-16,1000355.1731938443
2020-01-17,1000327.6320402658
2020-01-21,1000728.4399173342
2020-01-22,1000695.5086237452
2020-01-23,1000690.2617224689
2020-01-24,1000251.2492918978
2020-01-27,1000336.720560356
2020-01-28,1001065.6657151829
2020-01-29,1001046.9734585107
2020-01-30,1000877.1211832981
2020-01-31,1000871.848250591
2020-02-03,1000953.2059357044
2020-02-04,1000980.2101136182
2020-02-05,1000976.0369381089
2020-02-06,1000954.1567884154
2020-02-07,1000958.9839672081
2020-02-10,1000954.7127672834
2020-02-11,1000957.604503919
2020-02-12,1000959.0650562139
2020-02-13,1000958.2876682525
2020-02-14,1000957.5543220096
2020-02-18,1000954.9244893999
2020-02-19,1000953.9010615195
2020-02-20,1000953.7848073257
2020-02-21,1000952.439965498
2020-02-24,1000950.2444601138
2020-02-25,1000954.5508076126
2020-02-26,1000956.7909668412
2020-02-27,1000957.8405191792
2020-02-28,1000965.8395300603
2020-03-02,1000963.9916044298
2020-03-03,1000961.1480851974
2020-03-04,1000960.7740931461
2020-03-05,1000959.7889430221
2020-03-06,1000960.5867149623
2020-03-09,1000961.9201044992
2020-03-10,1000962.5101392763
2020-03-11,1000963.6168602521
2020-03-12,1000968.4472128914
2020-03-13,1000977.92135881
2020-03-16,1000988.5240309997
2020-03-17,1000990.1138387375
2020-03-18,1000991.9611475322
2020-03-19,1000991.0846299799
2020-03-20,1000990.8296296189
2020-03-23,1000989.9455750436
2020-03-24,1000988.9324185759
2020-03-25,1000988.3183760341
2020-03-26,1000988.5157777384
2020-03-27,1000988.6577521982
2020-03-30,1000989.0840123578
2020-03-31,1000989.0586936488
2020-04-01,1000989.2309531941
2020-04-02,1000988.5544344918
2020-04-03,1000988.7145573149
2020-04-06,1000988.0329573652
2020-04-07,1000987.718239948
2020-04-08,1000987.9942241097
2020-04-09,1000987.1381723979
2020-04-13,1000987.6570549255
2020-04-14,1000987.0580327674
2020-04-15,1000987.6867895535
2020-04-16,1000987.5676094441
2020-04-17,1000987.8960017505
2020-04-20,1000987.5732103059
2020-04-21,1000988.3159188408
2020-04-22,1000987.8520302974
2020-04-23,1000987.779236293
2020-04-24,1000987.8727665829
2020-04-27,1000987.9249732965
2020-04-28,1000987.9630723419
2020-04-29,1000987.9638753851
2020-04-30,1000988.226776111
2020-05-01,1000988.260866461
2020-05-04,1000988.401814607
2020-05-05,1000988.062934544
2020-05-06,1000988.1322943482
2020-05-07,1000987.5514573543
2020-05-08,1000987.3707770801
2020-05-11,1000987.4743569061
2020-05-12,1000987.4216940511
2020-05-13,1000987.4446328733
2020-05-14,1000986.9665648225
2020-05-15,1000986.0479335913
2020-05-18,1000985.6251969448
2020-05-19,1000985.1923478857
2020-05-20,1000985.0800286137
2020-05-21,1000985.7509705719
2020-05-22,1000985.4179294326
2020-05-26,1000985.5163139313
2020-05-27,1000985.3929324104
2020-05-28,1000985.1808320181
2020-05-29,1000984.6300041135
2020-06-01,1000984.2978840107
2020-06-02,1000984.8619068097
2020-06-03,1000985.1487585057
2020-06-04,1000985.0434933485
2020-06-05,1000985.6277374583
2020-06-08,1000985.1979145402
2020-06-09,1000985.2912432327
2020-06-10,1000985.2878063062
2020-06-11,1000985.1926336447
2020-06-12,1000985.6014867973
2020-06-15,1000985.6837595607
2020-06-16,1000985.4273281713
2020-06-17,1000985.2999093167
2020-06-18,1000985.5646182724
2020-06-19,1000985.2214835973
2020-06-22,1000985.1646150134
2020-06-23,1000984.9978596887
2020-06-24,1000985.3925854119
2020-06-25,1000985.1643593647
2020-06-26,1000985.0217981252
2020-06-29,1000985.0637043488
2020-06-30,1000984.4967398264
2020-07-01,1000984.9065486551
2020-07-02,1000984.7932025907
2020-07-06,1000984.5296455674
2020-07-07,1000984.4031644665
2020-07-08,1000983.9450210105
2020-07-09,1000984.1440991862
2020-07-10,1000984.0407740982
2020-07-13,1000983.3073993629
2020-07-14,1000983.5659032386
2020-07-15,1000983.3284603702
2020-07-16,1000983.5164018179
2020-07-17,1000983.3253258521
2020-07-20,1000982.8812087841
2020-07-21,1000981.4955243854
2020-07-22,1000979.8950107206
2020-07-23,1000980.0322777756
2020-07-24,1000980.168546435
2020-07-27,1000978.4852676223
2020-07-28,1000978.6950026122
2020-07-29,1000978.6658450544
2020-07-30,1000979.6245881305
2020-07-31,1000978.7668734746
2020-08-03,1000978.5623167971
2020-08-04,1000976.9252820088
2020-08-05,1000976.0512218553
2020-08-06,1000974.526892989
2020-08-07,1000975.3855090268
2020-08-10,1000973.6534646883
2020-08-11,1000976.8890343157
2020-08-12,1000976.9696135756
2020-08-13,1000975.214509223
2020-08-14,1000976.8544337819
2020-08-17,1000975.2616205524
2020-08-18,1000974.8501340013
2020-08-19,1000975.5878101746
2020-08-20,1000975.7801826396
2020-08-21,1000976.1963595096
2020-08-24,1000976.3141842925
2020-08-25,1000976.6487511254
2020-08-26,1000975.4611640204
2020-08-27,1000975.88235766
2020-08-28,1000975.2753565995
2020-08-31,1000974.4394771653
2020-09-01,1000974.3878071923
2020-09-02,1000975.632506121
2020-09-03,1000976.1484723536
2020-09-04,1000976.3066165568
2020-09-08,1000976.0141672434
2020-09-09,1000975.9202844998
2020-09-10,1000975.7084501104
2020-09-11,1000976.1336970836
2020-09-14,1000975.6376056339
2020-09-15,1000975.5174829771
2020-09-16,1000975.506223866
2020-09-17,1000975.8770190267
2020-09-18,1000975.8315141338
2020-09-21,1000978.5803655155
2020-09-22,1000978.4342684647
2020-09-23,1000979.8718315967
2020-09-24,1000979.7651514922
2020-09-25,1000979.8651166252
2020-09-28,1000979.3481536272
2020-09-29,1000978.4873994705
2020-09-30,1000979.4400866646
2020-10-01,1000978.6720812728
2020-10-02,1000978.8939367465
2020-10-05,1000978.356735638
2020-10-06,1000978.9918735065
2020-10-07,1000979.0121426719
2020-10-08,1000979.021323266
2020-10-09,1000977.7774780398
2020-10-12,1000977.6172065203
2020-10-13,1000978.7643836711
2020-10-14,1000978.4822144508
2020-10-15,1000978.6526442529
2020-10-16,1000978.4732904561
2020-10-19,1000978.1810177003
2020-10-20,1000970.3342120844
2020-10-21,1000963.8516261688
2020-10-22,1000964.3852749834
2020-10-23,1000964.3998083678
2020-10-26,1000964.5002307394
2020-10-27,1000964.4389668811
2020-10-28,1000964.9228603014
2020-10-29,1000964.9160650214
2020-10-30,1000964.8032212369
2020-11-02,1000964.6456103789
2020-11-03,1000964.524277529
2020-11-04,1000964.7013227053
2020-11-05,1000964.173542217
2020-11-06,1000963.9812039655
2020-11-09,1000964.7711108518
2020-11-10,1000964.4634976261
2020-11-11,1000964.5413444291
2020-11-12,1000964.5248419794
2020-11-13,1000964.3349514883
2020-11-16,1000964.3232726895
2020-11-17,1001045.0081818443
2020-11-18,1001284.003772736
2020-11-19,1001280.1176773083
2020-11-20,1001307.8618367121
2020-11-23,1001308.0411392236
2020-11-24,1000979.594549281
2020-11-25,1000983.4279947677
2020-11-27,1000983.7510389141
2020-11-30,1000983.7579781703
2020-12-01,1000976.5121417675
2020-12-02,1000969.3194361575
2020-12-03,1000907.3583272191
2020-12-04,1001152.7906391015
2020-12-07,1001145.7365561896
2020-12-08,1001228.4328923154
2020-12-09,1001166.1017212542
2020-12-10,1001098.9636380781
2020-12-11,1001113.0599804278
2020-12-14,1001153.5537391425
2020-12-15,1001139.7884979985
2020-12-16,1001203.152555114
2020-12-17,1001228.9792556709
2020-12-18,1001283.4056154231
2020-12-21,1001283.3522185831
2020-12-22,1001283.4880115084
2020-12-23,1001283.4247827058
2020-12-24,1001283.4265487124
2020-12-28,1001283.3215409904
2020-12-29,1001283.3731376671
2020-12-30,1001283.3163513191
2020-12-31,1001283.3411736394
2021-01-04,1001283.187287958
2021-01-05,1001283.1406485152
2021-01-06,1001283.2367473458
2021-01-07,1001283.1997889284
2021-01-08,1001283.6216996768
2021-01-11,1001283.5154171466
2021-01-12,1001283.4917068749
2021-01-13,1001283.4694464885
2021-01-14,1001283.432668179
2021-01-15,1001283.5222429481
2021-01-19,1001283.4928255578
2021-01-20,1001283.4752642093
2021-01-21,1001283.4729405023
2021-01-22,1001283.4805627193
2021-01-25,1001283.4812540723
2021-01-26,1001283.4804632566
2021-01-27,1001283.4810866341
2021-01-28,1001283.4809164333
2021-01-29,1001283.479276287
2021-02-01,1001283.4761748399
2021-02-02,1001283.478164487
2021-02-03,1001283.4778118116
2021-02-04,1001283.4779843375
2021-02-05,1001283.4778672074
2021-02-08,1001283.4778082096
2021-02-09,1001283.4778244762
2021-02-10,1001283.477837999
2021-02-11,1001283.4778359913
2021-02-12,1001283.4778312027
2021-02-16,1001283.4778312336
2021-02-17,1001283.4778312815
2021-02-18,1001283.4778352531
2021-02-19,1001283.477832257
2021-02-22,1001283.4778181661
2021-02-23,1001283.4778248428
2021-02-24,1001283.4778219135
2021-02-25,1001283.4778255969
2021-02-26,1001283.4778464469
2021-03-01,1001349.1372539965
2021-03-02,1001391.427445207
2021-03-03,1001352.7077920452
2021-03-04,1001477.6151674045
2021-03-05,1001851.0951964203
2021-03-08,1002044.2868983092
2021-03-09,1002250.9389639683
2021-03-10,1002250.9389647113
2021-03-11,1002250.9389636613
2021-03-12,1002250.9389683957
2021-03-15,1002250.9389620525
2021-03-16,1002250.9389667358
2021-03-17,1002250.938965754
2021-03-18,1002250.9389607975
2021-03-19,1002250.9389612527
2021-03-22,1002250.9389705362
2021-03-23,1002250.9389796513
2021-03-24,1002250.9389796004
2021-03-25,1002250.9389825941
2021-03-26,1002250.9389813767
2021-03-29,1002250.9389871778
2021-03-30,1002250.9389977319
2021-03-31,1002250.938991002
2021-04-01,1002250.9389838998
2021-04-05,1002250.9389867753
2021-04-06,1002250.9389791483
2021-04-07,1002250.9389787593
2021-04-08,1002250.9389730428
2021-04-09,1002250.9389773719
2021-04-12,1002250.9389850838
2021-04-13,1002250.9389755118
2021-04-14,1002250.9389738203
2021-04-15,1002250.9389663277
2021-04-16,1002250.9389638742
2021-04-19,1002250.9389683718
2021-04-20,1002250.9389682695
2021-04-21,1002250.9389558886
2021-04-22,1002250.9389624657
2021-04-23,1002250.9389640711
2021-04-26,1002250.9389617698
2021-04-27,1002250.9389583352
2021-04-28,1002250.9389638978
2021-04-29,1002250.9389643364
2021-04-30,1002250.9389676839
2021-05-03,1002250.9389492145
2021-05-04,1002245.6133303201
2021-05-05,1002371.1937757089
2021-05-06,1002371.1937594373
2021-05-07,1002371.1937594004
2021-05-10,1002371.193759076
2021-05-11,1002325.1755195986
2021-05-12,1001960.312709337
2021-05-13,1001960.3127124631
2021-05-14,1001953.563949946
2021-05-17,1001897.0226883976
2021-05-18,1001897.0226874464
2021-05-19,1001897.0226925836
2021-05-20,1001897.0226931329
2021-05-21,1001897.0226970348
2021-05-24,1001897.0226942193
2021-05-25,1001897.0226931896
2021-05-26,1001897.0226944194
2021-05-27,1001897.0226939579
2021-05-28,1001897.0226934423
2021-06-01,1001897.0226928183
2021-06-02,1001987.3250810807
2021-06-03,1002026.6117210947
2021-06-04,1002026.6117182454
2021-06-07,1002026.6117174051
2021-06-08,1002026.6117193248
2021-06-09,1002026.6117174835
2021-06-10,1002026.6117172654
2021-06-11,1002026.6117164657
2021-06-14,1002026.6117171744
2021-06-15,1002018.5849070966
2021-06-16,1002000.4392154102
2021-06-17,1002000.4392286276
2021-06-18,1002000.4392278425
2021-06-21,1002000.439227443
2021-06-22,1002000.4392285588
2021-06-23,1002000.439226786
2021-06-24,1002000.4392271847
2021-06-25,1002000.439226934
2021-06-28,1001994.3902194448
2021-06-29,1002078.7311751349
2021-06-30,1002078.7311731387
2021-07-01,1002078.7311737336
2021-07-02,1002078.731170973
2021-07-06,1002078.731173171
2021-07-07,1002078.7311734546
2021-07-08,1002078.7311744079
2021-07-09,1002078.7311727433
2021-07-12,1002078.7311726887
2021-07-13,1002078.7311733647
2021-07-14,1002078.7311724644
2021-07-15,1002078.7311715776
2021-07-16,1002078.7311756089
2021-07-19,1002078.7311799991
2021-07-20,1002078.7311809936
2021-07-21,1002078.7311792145
2021-07-22,1002078.7311783418
2021-07-23,1002078.7311793227
2021-07-26,1002078.7311787882
2021-07-27,1002078.7311832599
2021-07-28,1002078.7311817312
2021-07-29,1002078.7311755752
2021-07-30,1002078.7311771578
2021-08-02,1002078.731176948
2021-08-03,1002078.7311768733
2021-08-04,1002078.7311776715
2021-08-05,1002078.731178801
2021-08-06,1002078.7311853158
2021-08-09,1002078.7311924533
2021-08-10,1002078.7311916155
2021-08-11,1002078.7311909468
2021-08-12,1002078.7311934304
2021-08-13,1002078.7311889328
2021-08-16,1002078.7311888387
2021-08-17,1002078.7311897189
2021-08-18,1002078.7311913028
2021-08-19,1002078.7311925892
2021-08-20,1002078.7311933546
2021-08-23,1002078.731189662
2021-08-24,1002078.731188019
2021-08-25,1002078.7311888111
2021-08-26,1002078.7311903205
2021-08-27,1002078.7311868306
2021-08-30,1002078.7311874942
2021-08-31,1002078.7311874814
2021-09-01,1002078.7311860006
2021-09-02,1002078.7311880307
2021-09-03,1002078.7311820174
2021-09-07,1002078.7311848995
2021-09-08,1002078.7311870648
2021-09-09,1002078.7311862333
2021-09-10,1002078.731188101
2021-09-13,1002078.7311887782
2021-09-14,1002078.7311881634
2021-09-15,1002078.731188712
2021-09-16,1002078.7311955116
2021-09-17,1002373.4489545563
2021-09-20,1002294.8535464642
2021-09-21,1002294.8535436788
2021-09-22,1002294.8535416642
2021-09-23,1002294.8535431876
2021-09-24,1002294.8535448938
2021-09-27,1002294.8535430621
2021-09-28,1002294.8535445856
2021-09-29,1002294.8535511424
2021-09-30,1002294.853547329
2021-10-01,1002294.8535440089
2021-10-04,1002294.8535432663
2021-10-05,1002294.8535434977
2021-10-06,1002294.8535439997
2021-10-07,1002294.8535431352
2021-10-08,1002294.8535428051
2021-10-11,1002294.8535430569
2021-10-12,1002294.8535440527
2021-10-13,1002294.8535395891
2021-10-14,1002294.8535374999
2021-10-15,1002294.8535383531
2021-10-18,1002294.8535389156
2021-10-19,1002294.8535347157
2021-10-20,1002294.8535309009
2021-10-21,1002294.8535327414
2021-10-22,1002294.853530841
2021-10-25,1002294.8535298605
2021-10-26,1002294.8535331351
2021-10-27,1002294.8535324254
2021-10-28,1002294.8535328994
2021-10-29,1002294.8535340502
2021-11-01,1002294.8535332322
2021-11-02,1002294.8535370348
2021-11-03,1002294.8535388758
2021-11-04,1002281.3211267246
2021-11-05,1002413.3653597782
2021-11-08,1002389.5530279664
2021-11-09,1002281.5582319376
2021-11-10,1002333.9904740843
2021-11-11,1002333.9904704584
2021-11-12,1002333.990470154
2021-11-15,1002333.9904717436
2021-11-16,1002333.9904728328
2021-11-17,1002333.9904713109
2021-11-18,1002333.9904730968
2021-11-19,1002333.9904739021
2021-11-22,1002333.9904771562
2021-11-23,1002025.1817062317
2021-11-24,1002181.0357507146
2021-11-26,1003184.2045277357
2021-11-29,1003175.4426872116
2021-11-30,1003146.8767724736
2021-12-01,1003300.5260178192
2021-12-02,1003312.9795242
2021-12-03,1003201.3970680388
2021-12-06,1003237.802530251
2021-12-07,1003337.0781982688
2021-12-08,1003262.5869464442
2021-12-09,1003317.7081246881
2021-12-10,1003293.4812257045
2021-12-13,1003249.7956220929
2021-12-14,1003214.5514388012
2021-12-15,1003198.4090965714
2021-12-16,1003309.9532761214
2021-12-17,1003236.875629309
2021-12-20,1003114.4624718927
2021-12-21,1003164.1309858912
2021-12-22,1003245.8103864066
2021-12-23,1003242.7233994476
2021-12-27,1003202.8606009136
2021-12-28,1003159.8932788079
2021-12-29,1003100.974062457
2021-12-30,1003121.6041526513
2021-12-31,1003012.4680447661
2022-01-03,1003102.713337692
2022-01-04,1003105.3930031303
2022-01-05,1003105.3930031303
2022-01-06,1003105.3930031303
2022-01-07,1003105.3930031303
2022-01-10,1003105.3930031303
2022-01-11,1003105.3930031303
2022-01-12,1003105.3930031303
2022-01-13,1003105.3930031303
2022-01-14,1003087.1810983986
2022-01-18,1003198.179276366
2022-01-19,1003441.4660012313
2022-01-20,1003417.2459620099
2022-01-21,1003500.8184147695
2022-01-24,1003488.8072860064
2022-01-25,1003517.1250325334
2022-01-26,1003498.8994265655
2022-01-27,1003584.5615705445
2022-01-28,1003796.2162982834
2022-01-31,1003762.5000414244
2022-02-01,1003545.5512537666
2022-02-02,1003515.1358639598
2022-02-03,1003454.1150148353
2022-02-04,1002861.7063375073
2022-02-07,1002657.605478809
2022-02-08,1002749.1830023148
2022-02-09,1003031.3839153212
2022-02-10,1003110.919673169
2022-02-11,1003056.7501763084
2022-02-14,1002788.4740245643
2022-02-15,1002760.6632400238
2022-02-16,1002818.026574978
2022-02-17,1002674.326469705
2022-02-18,1002372.4395414768
2022-02-22,1002202.2085204129
2022-02-23,1002202.2085204129
2022-02-24,1002202.2085204129
2022-02-25,1002202.2085204129
2022-02-28,1002195.6768083606
2022-03-01,1001955.8849156658
2022-03-02,1001129.8196518178
2022-03-03,1001398.2575345115
2022-03-04,1001398.2575345115
2022-03-07,1001398.2575345115
2022-03-08,1001398.2575345115
2022-03-09,1001398.2575345115
2022-03-10,1001393.7436738241
2022-03-11,1001488.775669971
2022-03-14,1001963.927594871
2022-03-15,1002204.1380621913
2022-03-16,1002214.5558675672
2022-03-17,1002295.9305386957
2022-03-18,1002241.8683693815
2022-03-21,1002351.2590852176
2022-03-22,1002396.9393494427
2022-03-23,1002495.2639263299
2022-03-24,1002483.2717742142
2022-03-25,1002510.7306988792
2022-03-28,1002508.8707194347
2022-03-29,1002521.3950976459
2022-03-30,1002516.5152896929
2022-03-31,1002512.5363552773
2022-04-01,1002511.557591448
2022-04-04,1002512.7887642717
2022-04-05,1002513.0756485694
2022-04-06,1002514.287232779
2022-04-07,1002514.3258697133
2022-04-08,1002514.537164499
2022-04-11,1002514.6038266297
2022-04-12,1002514.8545575446
2022-04-13,1002514.8416404369
2022-04-14,1002514.8311207935
2022-04-18,1002514.9456219778
2022-04-19,1002514.989909707
2022-04-20,1002515.1961223558
2022-04-21,1002515.0743326846
2022-04-22,1002515.1107779343
2022-04-25,1002515.1283404524
2022-04-26,1002515.0965645084
2022-04-27,1002515.0789231886
2022-04-28,1002515.120308218
2022-04-29,1002515.1559892256
2022-05-02,1002515.1440808821
2022-05-03,1002515.1446772737
2022-05-04,1002515.1447008806
2022-05-05,1002515.1394277837
2022-05-06,1002515.1459252244
2022-05-09,1002515.1469148796
2022-05-10,1002515.1460204897
2022-05-11,1002515.1459959241
2022-05-12,1002515.145502126
2022-05-13,1002515.1450308571
2022-05-16,1002515.1453498246
2022-05-17,1002515.1451574626
2022-05-18,1002515.1453581342
2022-05-19,1002515.144776141
2022-05-20,1002515.1447451514
2022-05-23,1002515.1447719833
2022-05-24,1002515.1447504422
2022-05-25,1002515.1443434218
2022-05-26,1002283.3721015432
2022-05-27,1002252.5806126836
2022-05-31,1002252.5808919654
2022-06-01,1001880.410581075
2022-06-02,1001811.4793286679
2022-06-03,1001723.9155062183
2022-06-06,1002011.6578260473
2022-06-07,1002435.4631444665
2022-06-08,1002605.5581323592
2022-06-09,1003219.741628859
2022-06-10,1003215.0883199297
2022-06-13,1003368.7303979605
2022-06-14,1003304.6774685725
2022-06-15,1003489.0043976873
2022-06-16,1001963.5584225501
2022-06-17,1001959.6212971903
2022-06-21,1002897.1779103583
2022-06-22,1002892.2727639409
2022-06-23,1002785.2174190528
2022-06-24,1002267.843260696
2022-06-27,1002364.8504986615
2022-06-28,1002527.8405276715
2022-06-29,1002795.2655259753
2022-06-30,1003032.106140435
2022-07-01,1002681.2158452137
2022-07-05,1002704.8125608065
2022-07-06,1002565.4192473893
2022-07-07,1002759.8737863973
2022-07-08,1002736.7104662589
2022-07-11,1002906.2547680658
2022-07-12,1003378.2938954794
2022-07-13,1003262.583976746
2022-07-14,1003420.2439084277
2022-07-15,1003654.2827879643
2022-07-18,1003540.1464281119
2022-07-19,1003525.2909654556
2022-07-20,1003518.6473465189
2022-07-21,1003554.3057909921
2022-07-22,1003327.6066301682
2022-07-25,1003190.2216046109
2022-07-26,1003209.0592944905
2022-07-27,1003209.0592944905
2022-07-28,1003203.8851065221
2022-07-29,1002408.4639491295
2022-08-01,1002408.4639491295
2022-08-02,1002408.4639491295
2022-08-03,1002408.4639491295
2022-08-04,1002408.4639491295
2022-08-05,1002408.4639491295
2022-08-08,1002408.4639491295
2022-08-09,1002408.4639491295
2022-08-10,1002408.4639491295
2022-08-11,1002408.4639491295
2022-08-12,1002408.4639491295
2022-08-15,1002408.4639491295
2022-08-16,1002408.4639491295
2022-08-17,1002408.4639491295
2022-08-18,1002408.4639491295
2022-08-19,1002408.4639491295
2022-08-22,1002408.4639491295
2022-08-23,1002408.4639491295
2022-08-24,1002408.4639491295
2022-08-25,1002408.4639491295
2022-08-26,1002408.4639491295
2022-08-29,1002408.4639491295
2022-08-30,1002408.4639491295
2022-08-31,1002408.4639491295
2022-09-01,1002408.4639491295
2022-09-02,1002408.4639491295
2022-09-06,1002408.4639491295
2022-09-07,1002408.4639491295
2022-09-08,1002408.4639491295
2022-09-09,1002408.4639491295
2022-09-12,1002408.4639491295
2022-09-13,1002408.4639491295
2022-09-14,1002408.4639491295
2022-09-15,1002408.4639491295
2022-09-16,1002408.4639491295
2022-09-19,1002408.4639491295
2022-09-20,1002408.4639491295
2022-09-21,1002408.4639491295
2022-09-22,1002408.4639491295
2022-09-23,1002408.4639491295
2022-09-26,1002408.4639491295
2022-09-27,1002408.4639491295
2022-09-28,1002408.4639491295
2022-09-29,1002408.4639491295
2022-09-30,1002408.4639491295
2022-10-03,1002408.4639491295
2022-10-04,1002408.4639491295
2022-10-05,1002408.4639491295
2022-10-06,1002408.4639491295
2022-10-07,1002408.4639491295
2022-10-10,1002408.4639491295
2022-10-11,1002408.4639491295
2022-10-12,1002408.4639491295
2022-10-13,1002408.4639491295
2022-10-14,1002408.4639491295
2022-10-17,1002408.4639491295
2022-10-18,1002408.4639491295
2022-10-19,1002408.4639491295
2022-10-20,1002408.4639491295
2022-10-21,1002408.4639491295
2022-10-24,1002408.4639491295
2022-10-25,1002408.4639491295
2022-10-26,1002408.4639491295
2022-10-27,1002408.4639491295
2022-10-28,1002408.4639491295
2022-10-31,1002408.4639491295
2022-11-01,1002408.4639491295
2022-11-02,1002408.4639491295
2022-11-03,1002408.4639491295
2022-11-04,1002408.4639491295
2022-11-07,1002408.4639491295
2022-11-08,1002408.4639491295
2022-11-09,1002408.4639491295
2022-11-10,1002408.4639491295
2022-11-11,1002408.4639491295
2022-11-14,1002408.4639491295
2022-11-15,1002408.4639491295
2022-11-16,1002408.4639491295
2022-11-17,1002408.4639491295
2022-11-18,1002408.4639491295
2022-11-21,1002408.4639491295
2022-11-22,1002408.4639491295
2022-11-23,1002408.4639491295
2022-11-25,1002408.4639491295
2022-11-28,1002408.4639491295
2022-11-29,1002408.4639491295
2022-11-30,1002408.4639491295
2022-12-01,1002408.4639491295
2022-12-02,1002408.4639491295
2022-12-05,1002408.4639491295
2022-12-06,1002408.4639491295
2022-12-07,1002408.4639491295
2022-12-08,1002408.4639491295
2022-12-09,1002408.4639491295
2022-12-12,1002408.4639491295
2022-12-13,1002408.4639491295
2022-12-14,1002408.4639491295
2022-12-15,1002408.4639491295
2022-12-16,1002408.4639491295
2022-12-19,1002408.4639491295
2022-12-20,1002408.4639491295
2022-12-21,1002408.4639491295
2022-12-22,1002408.4639491295
2022-12-23,1002408.4639491295
2022-12-27,1002408.4639491295
2022-12-28,1002408.4639491295
2022-12-29,1002408.4639491295
2022-12-30,1002408.4639491295
2023-01-03,1002408.4639491295
2023-01-04,1002408.4639491295
2023-01-05,1002408.4639491295
2023-01-06,1002408.4639491295
2023-01-09,1002408.4639491295
2023-01-10,1002408.4639491295
2023-01-11,1002408.4639491295
2023-01-12,1002408.4639491295
2023-01-13,1002408.4639491295
2023-01-17,1002408.4639491295
2023-01-18,1002408.4639491295
2023-01-19,1002408.4639491295
2023-01-20,1002408.4639491295
2023-01-23,1002408.4639491295
2023-01-24,1002408.4639491295
2023-01-25,1002408.4639491295
2023-01-26,1002408.4639491295
2023-01-27,1002408.4639491295
2023-01-30,1002408.4639491295
2023-01-31,1002408.4639491295
2023-02-01,1002408.4639491295
2023-02-02,1002408.4639491295
2023-02-03,1002408.4639491295
2023-02-06,1002408.4639491295
2023-02-07,1002408.4639491295
2023-02-08,1002408.4639491295
2023-02-09,1002408.4639491295
2023-02-10,1002408.4639491295
2023-02-13,1002408.4639491295
2023-02-14,1002408.4639491295
2023-02-15,1002408.4639491295
2023-02-16,1002408.4639491295
2023-02-17,1002408.4639491295
2023-02-21,1002408.4639491295
2023-02-22,1002408.4639491295
2023-02-23,1002408.4639491295
2023-02-24,1002408.4639491295
2023-02-27,1002408.4639491295
2023-02-28,1002408.4639491295
2023-03-01,1002408.4639491295
2023-03-02,1002408.4639491295
2023-03-03,1002408.4639491295
2023-03-06,1002408.4639491295
2023-03-07,1002408.4639491295
2023-03-08,1002408.4639491295
2023-03-09,1002408.4639491295
2023-03-10,1002408.4639491295
2023-03-13,1002408.4639491295
2023-03-14,1002408.4639491295
2023-03-15,1002408.4639491295
2023-03-16,1002408.4639491295
2023-03-17,1002408.4639491295
2023-03-20,1002408.4639491295
2023-03-21,1002408.4639491295
2023-03-22,1002408.4639491295
2023-03-23,1002408.4639491295
2023-03-24,1002304.4783110805
2023-03-27,1002050.6663978986
2023-03-28,1002050.6663978986
2023-03-29,1002050.6663978986
2023-03-30,1002050.6663978986
2023-03-31,1002050.6663978986
2023-04-03,1002050.6663978986
2023-04-04,1002050.6663978986
2023-04-05,1002050.6663978986
2023-04-06,1002050.6663978986
2023-04-10,1002050.6663978986
2023-04-11,1002050.6663978986
2023-04-12,1002050.6663978986
2023-04-13,1002050.6663978986
2023-04-14,1002050.6663978986
2023-04-17,1002050.6663978986
2023-04-18,1002050.6663978986
2023-04-19,1002050.6663978986
2023-04-20,1002050.6663978986
2023-04-21,1002050.6663978986
2023-04-24,1002050.6663978986
2023-04-25,1002042.020877603
2023-04-26,1002102.7493933779
2023-04-27,1001970.027839831
2023-04-28,1001970.027839831
2023-05-01,1001970.027839831
2023-05-02,1001970.027839831
2023-05-03,1001970.027839831
2023-05-04,1001970.027839831
2023-05-05,1001333.3598837786
2023-05-08,1001443.766008945
2023-05-09,1001443.766008945
2023-05-10,1001443.766008945
2023-05-11,1001443.766008945
2023-05-12,1001443.766008945
2023-05-15,1001443.766008945
2023-05-16,1001443.766008945
2023-05-17,1001443.766008945
2023-05-18,1001443.766008945
2023-05-19,1001443.766008945
2023-05-22,1001443.766008945
2023-05-23,1001443.766008945
2023-05-24,1001443.766008945
2023-05-25,1001443.766008945
2023-05-26,1001443.766008945
2023-05-30,1001443.766008945
2023-05-31,1001443.766008945
2023-06-01,1001443.766008945
2023-06-02,1001443.766008945
2023-06-05,1001443.766008945
2023-06-06,1001443.766008945
2023-06-07,1001443.766008945
2023-06-08,1001443.766008945
2023-06-09,1001443.766008945
2023-06-12,1001443.766008945
2023-06-13,1001443.766008945
2023-06-14,1001443.766008945
2023-06-15,1001443.766008945
2023-06-16,1001443.766008945
2023-06-20,1001443.766008945
2023-06-21,1001443.766008945
2023-06-22,1001443.766008945
2023-06-23,1001443.766008945
2023-06-26,1001443.766008945
2023-06-27,1001443.766008945
2023-06-28,1001443.766008945
2023-06-29,1001443.766008945
2023-06-30,1001443.766008945
2023-07-03,1001443.766008945
2023-07-05,1001443.766008945
2023-07-06,1001443.766008945
2023-07-07,1001443.766008945
2023-07-10,1001443.766008945
2023-07-11,1001443.766008945
2023-07-12,1001443.766008945
2023-07-13,1001443.766008945
2023-07-14,1001443.766008945
2023-07-17,1001443.766008945
2023-07-18,1001443.766008945
2023-07-19,1001443.766008945
2023-07-20,1001443.766008945
2023-07-21,1001443.766008945
2023-07-24,1001443.766008945
2023-07-25,1001443.766008945
2023-07-26,1001443.766008945
2023-07-27,1001443.766008945
2023-07-28,1001443.766008945
2023-07-31,1001443.766008945
2023-08-01,1001443.766008945
2023-08-02,1001443.766008945
2023-08-03,1001443.766008945
2023-08-04,1001443.766008945
2023-08-07,1001443.766008945
2023-08-08,1001443.766008945
2023-08-09,1001443.766008945
2023-08-10,1001443.766008945
2023-08-11,1001443.766008945
2023-08-14,1001443.766008945
2023-08-15,1001443.766008945
2023-08-16,1001443.766008945
2023-08-17,1001443.766008945
2023-08-18,1001443.766008945
2023-08-21,1001443.766008945
2023-08-22,1001443.766008945
2023-08-23,1001443.766008945
2023-08-24,1001443.766008945
2023-08-25,1001443.766008945
2023-08-28,1001443.766008945
2023-08-29,1001439.7463456006
2023-08-30,1001441.4997148094
2023-08-31,1001548.5639594907
2023-09-01,1001470.1695274469
2023-09-05,1001402.7395674511
2023-09-06,1001354.7343633397
2023-09-07,1001386.8412168138
2023-09-08,1001359.6535350474
2023-09-11,1001386.7153786835
2023-09-12,1001434.7486384751
2023-09-13,1001443.6218055072
2023-09-14,1001439.7450511826
2023-09-15,1001310.2528721074
2023-09-18,1001376.7507866208
2023-09-19,1001398.3414848654
2023-09-20,1001390.557167004
2023-09-21,1001381.8718676821
2023-09-22,1001425.9056365744
2023-09-25,1001429.5303838653
2023-09-26,1001426.0631903539
2023-09-27,1001427.6092817351
2023-09-28,1001425.4075669592
2023-09-29,1001425.411748588
2023-10-02,1001425.8239891292
2023-10-03,1001424.601446998
2023-10-04,1001424.9820434882
2023-10-05,1001424.9322479782
2023-10-06,1001424.9359124048
2023-10-09,1001424.8858637741
2023-10-10,1001424.8028385963
2023-10-11,1001424.8322399372
2023-10-12,1001424.8128683722
2023-10-13,1001424.8010851806
2023-10-16,1001424.7672937856
2023-10-17,1001424.7700812118
2023-10-18,1001424.772944376
2023-10-19,1001424.7689642984
2023-10-20,1001424.7675755522
2023-10-23,1001424.7681193566
2023-10-24,1001424.7698775593
2023-10-25,1001424.7692109315
2023-10-26,1001424.7692749085
2023-10-27,1001424.7693645846
2023-10-30,1001424.7695222824
2023-10-31,1001424.7696248809
2023-11-01,1001424.7696990476
2023-11-02,1001424.7696723996
2023-11-03,1001424.769702295
2023-11-06,1001424.7697183104
2023-11-07,1001424.7697147599
2023-11-08,1001424.7697082927
2023-11-09,1001424.7697090824
2023-11-10,1001424.7697083154
2023-11-13,1001424.7697089303
2023-11-14,1001424.7697091603
2023-11-15,1001424.7697124876
2023-11-16,1001424.7697102136
2023-11-17,1001424.7697108708
2023-11-20,1001405.5745039615
2023-11-21,1001639.99849838
2023-11-22,1001639.9984963143
2023-11-24,1001639.998496327
2023-11-27,1001639.9984970302
2023-11-28,1001639.9984968599
2023-11-29,1001639.9984978349
2023-11-30,1001639.9984943267
2023-12-01,1001986.9555115014
2023-12-04,1003554.2800435374
2023-12-05,1003549.7439750225
2023-12-06,1003549.7439738917
2023-12-07,1003549.7439723095
2023-12-08,1003549.7439740637
2023-12-11,1003540.2105252736
2023-12-12,1003076.8086838168
2023-12-13,1003076.8086840361
2023-12-14,1003076.8086865383
2023-12-15,1003076.8086880555
2023-12-18,1003076.8086866608
2023-12-19,1003076.808686567
2023-12-20,1003076.8086864201
2023-12-21,1003076.808686101
2023-12-22,1003076.8086861477
2023-12-26,1003076.8086863408
2023-12-27,1003076.8086863923
2023-12-28,1003076.8086855349
2023-12-29,1003076.8086848806
2024-01-02,1003076.8086839598
2024-01-03,1003076.808683545
2024-01-04,1003076.808683003
2024-01-05,1003076.8086836407
2024-01-08,1003066.6201802946
2024-01-09,1003113.798049394
2024-01-10,1003040.2976840696
2024-01-11,1002968.5277777199
2024-01-12,1002930.4756002021
2024-01-16,1002930.4756002021
2024-01-17,1002930.4756002021
2024-01-18,1002930.4756002021
2024-01-19,1002926.4966469961
2024-01-22,1002920.0865464836
2024-01-23,1002920.0865464836
2024-01-24,1002920.0865464836
2024-01-25,1002920.0865464836
2024-01-26,1002920.0865464836
2024-01-29,1002920.0865464836
2024-01-30,1002920.0865464836
2024-01-31,1002920.0865464836
2024-02-01,1003238.1830929024
2024-02-02,1003281.6044178021
2024-02-05,1003281.6044178021
2024-02-06,1003281.6044178021
2024-02-07,1003277.369001578
2024-02-08,1003372.2131890091
2024-02-09,1003372.2131890091
2024-02-12,1003372.2131890091
2024-02-13,1003372.2131890091
2024-02-14,1003372.2131890091
2024-02-15,1003372.2131890091
2024-02-16,1003372.2131890091
2024-02-20,1003372.2131890091
2024-02-21,1003372.2131890091
2024-02-22,1003372.2131890091
2024-02-23,1003372.2131890091
2024-02-26,1003372.2131890091
2024-02-27,1003372.2131890091
2024-02-28,1003372.2131890091
2024-02-29,1003372.2131890091
2024-03-01,1003372.2131890091
2024-03-04,1003372.2131890091
2024-03-05,1003372.2131890091
2024-03-06,1003372.2131890091
2024-03-07,1003372.2131890091
2024-03-08,1003372.2131890091
2024-03-11,1003372.2131890091
2024-03-12,1003372.2131890091
2024-03-13,1003372.2131890091
2024-03-14,1003372.2131890091
2024-03-15,1003372.2131890091
2024-03-18,1003372.2131890091
2024-03-19,1003372.2131890091
2024-03-20,1003372.2131890091
2024-03-21,1003372.2131890091
2024-03-22,1003372.2131890091
2024-03-25,1003372.2131890091
2024-03-26,1003372.2131890091
2024-03-27,1003372.2131890091
2024-03-28,1003372.2131890091
2024-04-01,1003372.2131890091
2024-04-02,1003372.2131890091
2024-04-03,1003372.2131890091
2024-04-04,1003372.2131890091
2024-04-05,1003372.2131890091
2024-04-08,1003372.2131890091
2024-04-09,1003372.2131890091
2024-04-10,1003372.2131890091
2024-04-11,1003372.2131890091
2024-04-12,1003372.2131890091
2024-04-15,1003372.2131890091
2024-04-16,1003372.2131890091
2024-04-17,1003372.2131890091
2024-04-18,1003372.2131890091
2024-04-19,1003372.2131890091
2024-04-22,1003372.2131890091
2024-04-23,1003372.2131890091
2024-04-24,1003372.2131890091
2024-04-25,1003372.2131890091
2024-04-26,1003372.2131890091
2024-04-29,1003372.2131890091
2024-04-30,1003372.2131890091
2024-05-01,1003372.2131890091
2024-05-02,1003372.2131890091
2024-05-03,1003372.2131890091
2024-05-06,1003372.2131890091
2024-05-07,1003372.2131890091
2024-05-08,1003372.2131890091
2024-05-09,1003372.2131890091
2024-05-10,1003369.0509573307
2024-05-13,1003373.3295556667
2024-05-14,1003520.5584750423
2024-05-15,1003558.8058738207
2024-05-16,1003238.9697921838
2024-05-17,1003397.2999724323
2024-05-20,1003451.4237746076
2024-05-21,1003540.3307527087
2024-05-22,1003521.4793519829
2024-05-23,1003521.4793519829
2024-05-24,1003521.4793519829
2024-05-28,1003521.4793519829
2024-05-29,1003521.4793519829
2024-05-30,1003521.4793519829
2024-05-31,1003521.4793519829
2024-06-03,1003521.4793519829
2024-06-04,1003521.4793519829
2024-06-05,1003521.4793519829
2024-06-06,1003521.4793519829
2024-06-07,1003521.4793519829
2024-06-10,1003521.4793519829
2024-06-11,1003521.4793519829
2024-06-12,1003521.4793519829
2024-06-13,1003521.4793519829
2024-06-14,1003521.4793519829
2024-06-17,1003521.4793519829
2024-06-18,1003521.4793519829
2024-06-20,1003521.4793519829
2024-06-21,1003521.4793519829
2024-06-24,1003521.4793519829
2024-06-25,1003521.4793519829
2024-06-26,1003521.4793519829
2024-06-27,1003521.4793519829
2024-06-28,1003521.4793519829
2024-07-01,1003521.4793519829
2024-07-02,1003521.4793519829
2024-07-03,1003521.4793519829
2024-07-05,1003521.4793519829
2024-07-08,1003521.4793519829
2024-07-09,1003521.4793519829
2024-07-10,1003521.4793519829
2024-07-11,1003521.4793519829
2024-07-12,1003521.4793519829
2024-07-15,1003521.4793519829
2024-07-16,1003521.4793519829
2024-07-17,1003521.4793519829
2024-07-18,1003521.4793519829
2024-07-19,1003521.4793519829
2024-07-22,1003521.4793519829
2024-07-23,1003521.4793519829
2024-07-24,1003521.4793519829
2024-07-25,1003521.4793519829
2024-07-26,1003521.4793519829
2024-07-29,1003521.4793519829
2024-07-30,1003521.4793519829
2024-07-31,1003521.4793519829
2024-08-01,1003521.4793519829
2024-08-02,1003521.4793519829
2024-08-05,1003521.4793519829
2024-08-06,1003521.4793519829
2024-08-07,1003521.4793519829
2024-08-08,1003521.4793519829
2024-08-09,1003521.4793519829
2024-08-12,1003521.4793519829
2024-08-13,1003521.4793519829
2024-08-14,1003521.4793519829
2024-08-15,1003521.4793519829
2024-08-16,1003521.4793519829
2024-08-19,1003521.4793519829
2024-08-20,1003521.4793519829
2024-08-21,1003521.4793519829
2024-08-22,1003521.4793519829
2024-08-23,1003521.4793519829
2024-08-26,1003521.4793519829
2024-08-27,1003521.4793519829
2024-08-28,1003521.4793519829
2024-08-29,1003521.4793519829
2024-08-30,1003521.4793519829
2024-09-03,1003521.4793519829
2024-09-04,1003521.4793519829
2024-09-05,1003521.4793519829
2024-09-06,1003521.4793519829
2024-09-09,1003521.4793519829
2024-09-10,1003521.4793519829
2024-09-11,1003521.4793519829
2024-09-12,1003521.4793519829
2024-09-13,1003521.4793519829
2024-09-16,1003521.4793519829
2024-09-17,1003521.4793519829
2024-09-18,1003521.4793519829
2024-09-19,1003521.4793519829
2024-09-20,1003521.4793519829
2024-09-23,1003521.4793519829
2024-09-24,1003521.4793519829
2024-09-25,1003521.4793519829
2024-09-26,1003521.4793519829
2024-09-27,1003521.4793519829
2024-09-30,1003521.4793519829
2024-10-01,1003521.4793519829
2024-10-02,1003521.4793519829
2024-10-03,1003521.4793519829
2024-10-04,1003521.4793519829
2024-10-07,1003521.4793519829
2024-10-08,1003521.4793519829
2024-10-09,1003521.4793519829
2024-10-10,1003521.4793519829
2024-10-11,1003521.4793519829
2024-10-14,1003521.4793519829
2024-10-15,1003521.4793519829
2024-10-16,1003521.4793519829
2024-10-17,1003521.4793519829
2024-10-18,1003521.4793519829
2024-10-21,1003521.4793519829
2024-10-22,1003521.4793519829
2024-10-23,1003521.4793519829
2024-10-24,1003521.4793519829
2024-10-25,1003521.4793519829
2024-10-28,1003521.4793519829
2024-10-29,1003521.4793519829
2024-10-30,1003521.4793519829
2024-10-31,1003521.4793519829
2024-11-01,1003521.4793519829
2024-11-04,1003521.4793519829
2024-11-05,1003521.4793519829
2024-11-06,1003521.4793519829
2024-11-07,1003521.4793519829
2024-11-08,1003521.4793519829
2024-11-11,1003521.4793519829
2024-11-12,1003521.4793519829
2024-11-13,1003521.4793519829
2024-11-14,1003521.4793519829
2024-11-15,1003521.4793519829
2024-11-18,1003521.4793519829
2024-11-19,1003521.4793519829
2024-11-20,1003521.4793519829
2024-11-21,1003521.4793519829
2024-11-22,1003521.4793519829
2024-11-25,1003521.4793519829
2024-11-26,1003521.4793519829
2024-11-27,1003521.4793519829
2024-11-29,1003521.4793519829
2024-12-02,1003521.4793519829
2024-12-03,1003521.4793519829
2024-12-04,1003521.4793519829
2024-12-05,1003521.4793519829
2024-12-06,1003521.4793519829
2024-12-09,1003521.4793519829
2024-12-10,1003521.4793519829
2024-12-11,1003521.4793519829
2024-12-12,1003521.4793519829
2024-12-13,1003521.4793519829
2024-12-16,1003521.4793519829
2024-12-17,1003521.4793519829
2024-12-18,1003521.4793519829
2024-12-19,1003521.4793519829
2024-12-20,1003521.4793519829
2024-12-23,1003521.4793519829
2024-12-24,1003521.4793519829
2024-12-26,1003521.4793519829
2024-12-27,1003521.4793519829
2024-12-30,1003521.4793519829
2024-12-31,1003521.4793519829
2025-01-02,1003521.4793519829
2025-01-03,1003517.2328369177
2025-01-06,1003560.6207373367
2025-01-07,1003656.1419900863
2025-01-08,1003835.8855052341
2025-01-09,1003819.8466134649
2025-01-10,1003764.7951752743
2025-01-13,1003741.3137481569
2025-01-14,1003665.0413908361
2025-01-15,1003765.086690338
2025-01-16,1003503.3083884228
2025-01-17,1003372.2000448409
2025-01-21,1003356.5939750557
2025-01-22,1003433.160072746
2025-01-23,1003530.2879963048
2025-01-24,1003488.7237340135
2025-01-27,1003428.7851214844
2025-01-28,1003307.0097105532
2025-01-29,1003401.8055136023
2025-01-30,1003345.0735667741
2025-01-31,1003188.5900608137
2025-02-03,1003373.2214602169
2025-02-04,1003360.6774112536
2025-02-05,1003193.8395572664
2025-02-06,1002971.1465269482
2025-02-07,1002765.0765311794
2025-02-10,1002860.3084941711
2025-02-11,1002847.6220256347
2025-02-12,1002990.5422925618
2025-02-13,1003211.6331026825
2025-02-14,1003027.0017032793
2025-02-18,1002800.6740052708
2025-02-19,1002829.083149618
2025-02-20,1002787.6070094375
2025-02-21,1002681.9040923936
2025-02-24,1002680.6783939425
2025-02-25,1002708.5045081623
2025-02-26,1002661.983639258
2025-02-27,1002661.983639258
2025-02-28,1002661.983639258
2025-03-03,1002661.983639258
2025-03-04,1002661.983639258
2025-03-05,1002661.983639258
2025-03-06,1002661.983639258
2025-03-07,1002661.983639258
2025-03-10,1002661.983639258
2025-03-11,1002661.983639258
2025-03-12,1002661.983639258
2025-03-13,1002661.983639258
2025-03-14,1002661.983639258
2025-03-17,1002661.983639258
2025-03-18,1002661.983639258
2025-03-19,1002661.983639258
2025-03-20,1002661.983639258
2025-03-21,1002661.983639258
2025-03-24,1002661.983639258
2025-03-25,1002661.983639258
2025-03-26,1002661.983639258
2025-03-27,1002661.983639258
2025-03-28,1002661.983639258
2025-03-31,1002661.983639258
2025-04-01,1002661.983639258
2025-04-02,1002661.983639258
2025-04-03,1002661.983639258
2025-04-04,1002661.983639258
2025-04-07,1002661.983639258
2025-04-08,1002661.983639258
2025-04-09,1002661.983639258
2025-04-10,1002661.983639258
2025-04-11,1002661.983639258
2025-04-14,1002661.983639258
2025-04-15,1002661.983639258
2025-04-16,1002661.983639258
2025-04-17,1002661.983639258
2025-04-22,1002661.983639258
2025-04-23,1002661.983639258
2025-04-24,1002661.983639258
2025-04-25,1002661.983639258
2025-04-28,1002661.983639258
2025-04-29,1002661.983639258
2025-04-30,1002661.983639258
2025-05-01,1002661.983639258
2025-05-02,1002661.983639258
2025-05-05,1002661.983639258
2025-05-06,1002661.983639258
2025-05-07,1002661.983639258
2025-05-08,1002661.983639258
2025-05-09,1002661.983639258
2025-05-12,1002661.983639258
2025-05-13,1002661.983639258
2025-05-14,1002661.983639258
2025-05-15,1002661.983639258
2025-05-16,1002661.983639258
2025-05-19,1002661.983639258
2025-05-20,1002661.983639258
2025-05-21,1002661.983639258
2025-05-22,1002661.983639258
2025-05-23,1002661.983639258
2025-05-27,1002661.983639258
2025-05-28,1002661.983639258
2025-05-29,1002661.983639258
2025-05-30,1002661.983639258
2025-06-02,1002661.983639258
2025-06-03,1002661.983639258
2025-06-04,1002661.983639258
2025-06-05,1002661.983639258
2025-06-06,1002661.983639258
2025-06-09,1002661.983639258
2025-06-10,1002661.983639258
2025-06-11,1002661.983639258
2025-06-12,1002661.983639258
2025-06-13,1002661.983639258
2025-06-16,1002661.983639258
2025-06-17,1002661.983639258
2025-06-18,1002661.983639258
2025-06-20,1002661.983639258
2025-06-23,1002661.983639258
2025-06-24,1002661.983639258
2025-06-25,1002661.983639258
2025-06-26,1002661.983639258
2025-06-27,1002661.983639258
2025-06-30,1002661.983639258
2025-07-01,1002661.983639258
2025-07-02,1002661.983639258
2025-07-03,1002661.983639258
2025-07-04,1002661.983639258
2025-07-07,1002661.983639258
2025-07-08,1002661.983639258
2025-07-09,1002661.983639258
2025-07-10,1002661.983639258
2025-07-11,1002661.983639258
2025-07-14,1002661.983639258
2025-07-15,1002661.983639258
2025-07-16,1002661.983639258
2025-07-17,1002661.983639258
2025-07-18,1002661.983639258
2025-07-21,1002661.983639258
2025-07-22,1002661.983639258
2025-07-23,1002661.983639258
2025-07-24,1002661.983639258
2025-07-25,1002661.983639258
2025-07-28,1002661.983639258
2025-07-29,1002661.983639258
2025-07-30,1002661.983639258
2025-07-31,1002661.983639258
2025-08-01,1002661.983639258
2025-08-04,1002661.983639258
2025-08-05,1002661.983639258
2025-08-06,1002661.983639258
2025-08-07,1002661.983639258
2025-08-08,1002661.983639258
2025-08-11,1002661.983639258
2025-08-12,1002661.983639258
2025-08-13,1002661.983639258
2025-08-14,1002661.983639258
2025-08-15,1002661.983639258
2025-08-18,1002661.983639258
2025-08-19,1002661.983639258
2025-08-20,1002661.983639258
2025-08-21,1002661.983639258
2025-08-22,1002661.983639258
2025-08-25,1002661.983639258
2025-08-26,1002661.983639258
2025-08-27,1002661.983639258
2025-08-28,1002661.983639258
2025-08-29,1002661.983639258
2025-09-02,1002661.983639258
2025-09-03,1002661.983639258
2025-09-04,1002661.983639258
2025-09-05,1002661.983639258
2025-09-08,1002661.983639258
2025-09-09,1002661.983639258
2025-09-10,1002661.983639258
2025-09-11,1002661.983639258
2025-09-12,1002661.983639258
2025-09-15,1002661.983639258
2025-09-16,1002661.983639258
2025-09-17,1002661.983639258
2025-09-18,1002661.983639258
2025-09-19,1002661.983639258
2025-09-22,1002661.983639258
2025-09-23,1002661.983639258
2025-09-24,1002661.983639258
2025-09-25,1002661.983639258
2025-09-26,1002661.983639258
2025-09-29,1002661.983639258
2025-09-30,1002661.983639258
2025-10-01,1002661.983639258
2025-10-02,1002661.983639258
2025-10-03,1002661.983639258
2025-10-06,1002661.983639258
2025-10-07,1002661.983639258
2025-10-08,1002661.983639258
2025-10-09,1002661.983639258
2025-10-10,1002661.983639258
2025-10-13,1002661.983639258
2025-10-14,1002661.983639258
2025-10-15,1002661.983639258
2025-10-16,1002661.983639258
2025-10-17,1002661.983639258
2025-10-20,1002661.983639258
2025-10-21,1002661.983639258
2025-10-22,1002661.983639258
2025-10-23,1002661.983639258
2025-10-24,1002654.95695837
2025-10-27,1002658.1170251882
2025-10-28,1002644.352384337
2025-10-29,1002644.352384337
2025-10-30,1002644.352384337
2025-10-31,1002644.352384337
2025-11-03,1002644.352384337
2025-11-04,1002644.352384337
2025-11-05,1002644.352384337
2025-11-06,1002644.352384337
2025-11-07,1002644.352384337
2025-11-10,1002644.352384337
2025-11-11,1002644.352384337
2025-11-12,1002644.352384337
2025-11-13,1002644.352384337
2025-11-14,1002644.352384337
2025-11-17,1002644.352384337
2025-11-18,1002644.352384337
2025-11-19,1002644.352384337
2025-11-20,1002644.352384337
2025-11-21,1002644.352384337
2025-11-24,1002644.352384337
2025-11-25,1002644.352384337
2025-11-26,1003053.3672174927
2025-11-28,1003032.0346844709
2025-12-01,1003032.0346844709
2025-12-02,1003032.0346844709
2025-12-03,1003032.0346844709
2025-12-04,1003032.0346844709
2025-12-05,1003032.0346844709
2025-12-08,1003032.0346844709
2025-12-09,1003032.0346844709
2025-12-10,1003032.0346844709
2025-12-11,1003032.0346844709
2025-12-12,1003032.0346844709
2025-12-15,1003032.0346844709
2025-12-16,1003032.0346844709
2025-12-17,1003032.0346844709
2025-12-18,1003032.0346844709
2025-12-19,1003032.0346844709
2025-12-22,1003032.0346844709
2025-12-23,1003032.0346844709
2025-12-24,1003032.0346844709
2025-12-26,1003032.0346844709
2025-12-29,1003032.0346844709
2025-12-30,1004420.660847566
