,oos_equity
2016-01-04,999258.7392445813
2016-01-05,998846.7040883007
2016-01-06,997221.566459868
2016-01-07,998015.97710055
2016-01-08,1000787.6190852589
2016-01-11,1001034.3153996568
2016-01-12,999783.9218392329
2016-01-13,999537.6674756376
2016-01-14,1001673.5798476802
2016-01-15,1001673.5798476802
2016-01-19,1001673.5798476802
2016-01-20,1001673.5798476802
2016-01-21,1001673.5798476802
2016-01-22,1001673.5798476802
2016-01-25,1001673.5798476802
2016-01-26,1001673.5798476802
2016-01-27,1001673.5798476802
2016-01-28,1001473.297994643
2016-01-29,1000707.6588085813
2016-02-01,1001825.5206113247
2016-02-02,1000650.7840201426
2016-02-03,1000415.2893016896
2016-02-04,999479.4956110088
2016-02-05,999330.4413487822
2016-02-08,999585.1223545336
2016-02-09,999569.1518176714
2016-02-10,999553.662805998
2016-02-11,999557.9062483923
2016-02-12,999535.3314737896
2016-02-16,999574.9129409844
2016-02-17,999581.2274938375
2016-02-18,999579.8232277767
2016-02-19,999581.8057938628
2016-02-22,999582.0143361342
2016-02-23,999586.0172965018
2016-02-24,999588.5741976558
2016-02-25,999589.6333131022
2016-02-26,999589.2939717701
2016-02-29,999590.3262580405
2016-03-01,999590.829471571
2016-03-02,999590.9690329
2016-03-03,999591.0136927641
2016-03-04,999590.8523013343
2016-03-07,999590.6796621495
2016-03-08,999590.641042028
2016-03-09,999590.6467008553
2016-03-10,999590.6475912882
2016-03-11,999590.5994142656
2016-03-14,999590.6033715598
2016-03-15,999590.610291714
2016-03-16,999590.6096629974
2016-03-17,999590.6058051668
2016-03-18,999590.6049204632
2016-03-21,999590.6056032968
2016-03-22,999590.6059969708
2016-03-23,999590.6059711492
2016-03-24,999590.6060882848
2016-03-28,999590.6060835697
2016-03-29,999590.6060595374
2016-03-30,999590.6059748306
2016-03-31,999590.6059480298
2016-04-01,999590.6059315072
2016-04-04,999590.6059327336
2016-04-05,999590.6059322623
2016-04-06,999590.6059372609
2016-04-07,999590.605935053
2016-04-08,999590.6059365447
2016-04-11,999590.6059362557
2016-04-12,999590.6059357576
2016-04-13,999590.60593607
2016-04-14,999590.6059359101
2016-04-15,999590.6059360357
2016-04-18,999590.6059359044
2016-04-19,999590.6059359328
2016-04-20,999590.6059358938
2016-04-21,999590.6059358157
2016-04-22,999590.6059357714
2016-04-25,999590.6059357831
2016-04-26,999590.6059357828
2016-04-27,999590.605935778
2016-04-28,999590.6059357774
2016-04-29,999590.6059357794
2016-05-02,999590.6059357764
2016-05-03,999590.6059357752
2016-05-04,999590.6059357765
2016-05-05,999590.6059357756
2016-05-06,999590.605935774
2016-05-09,999590.6059357726
2016-05-10,999590.6059357731
2016-05-11,999590.6059357716
2016-05-12,999590.6059357714
2016-05-13,999590.6059357733
2016-05-16,999590.6059357736
2016-05-17,999590.6059357725
2016-05-18,999590.6059357715
2016-05-19,999590.6059357717
2016-05-20,999590.6059357714
2016-05-23,999590.6059357701
2016-05-24,999590.6059357708
2016-05-25,999590.6059357725
2016-05-26,999590.6059357724
2016-05-27,999590.6059357717
2016-05-31,999590.6059357726
2016-06-01,999590.6059357722
2016-06-02,999590.605935772
2016-06-03,999590.6059357726
2016-06-06,999590.6059357707
2016-06-07,999590.6059357715
2016-06-08,999590.60593592
2016-06-09,999590.60593592
2016-06-10,999590.60593592
2016-06-13,999590.60593592
2016-06-14,999590.60593592
2016-06-15,999590.60593592
2016-06-16,999590.60593592
2016-06-17,999590.60593592
2016-06-20,999590.60593592
2016-06-21,999590.60593592
2016-06-22,999590.60593592
2016-06-23,999590.60593592
2016-06-24,999590.60593592
2016-06-27,999590.60593592
2016-06-28,999590.60593592
2016-06-29,999590.60593592
2016-06-30,999590.60593592
2016-07-01,999590.60593592
2016-07-05,999590.60593592
2016-07-06,999590.60593592
2016-07-07,999590.60593592
2016-07-08,999590.60593592
2016-07-11,999590.60593592
2016-07-12,999590.60593592
2016-07-13,999590.60593592
2016-07-14,999590.60593592
2016-07-15,999590.60593592
2016-07-18,999590.60593592
2016-07-19,999590.60593592
2016-07-20,999590.60593592
2016-07-21,999590.60593592
2016-07-22,999590.60593592
2016-07-25,999590.60593592
2016-07-26,999590.60593592
2016-07-27,999590.60593592
2016-07-28,999590.60593592
2016-07-29,999590.60593592
2016-08-01,999590.60593592
2016-08-02,999590.60593592
2016-08-03,999590.60593592
2016-08-04,999590.60593592
2016-08-05,999590.60593592
2016-08-08,999590.60593592
2016-08-09,999590.60593592
2016-08-10,999590.60593592
2016-08-11,999590.60593592
2016-08-12,999590.60593592
2016-08-15,999590.60593592
2016-08-16,999590.60593592
2016-08-17,999590.60593592
2016-08-18,999590.60593592
2016-08-19,999590.60593592
2016-08-22,999590.60593592
2016-08-23,999590.60593592
2016-08-24,999590.60593592
2016-08-25,999590.60593592
2016-08-26,999590.60593592
2016-08-29,999590.60593592
2016-08-30,999590.60593592
2016-08-31,999590.60593592
2016-09-01,999590.60593592
2016-09-02,999590.60593592
2016-09-06,999590.60593592
2016-09-07,999590.60593592
2016-09-08,999590.60593592
2016-09-09,999590.60593592
2016-09-12,999590.60593592
2016-09-13,999590.60593592
2016-09-14,999590.60593592
2016-09-15,999590.60593592
2016-09-16,999590.60593592
2016-09-19,999590.60593592
2016-09-20,999590.60593592
2016-09-21,999590.60593592
2016-09-22,999590.60593592
2016-09-23,999590.60593592
2016-09-26,999590.60593592
2016-09-27,999590.60593592
2016-09-28,999590.60593592
2016-09-29,999590.60593592
2016-09-30,999590.60593592
2016-10-03,999590.60593592
2016-10-04,999590.60593592
2016-10-05,999590.60593592
2016-10-06,999590.60593592
2016-10-07,999590.60593592
2016-10-11,999590.60593592
2016-10-12,999590.60593592
2016-10-13,999590.60593592
2016-10-14,999590.60593592
2016-10-17,999590.60593592
2016-10-18,999590.60593592
2016-10-19,999590.60593592
2016-10-20,999590.60593592
2016-10-21,999590.60593592
2016-10-24,999590.60593592
2016-10-25,999590.60593592
2016-10-26,999590.60593592
2016-10-27,999590.60593592
2016-10-28,999590.60593592
2016-10-31,999590.60593592
2016-11-01,999590.60593592
2016-11-02,999590.60593592
2016-11-03,999590.60593592
2016-11-04,999590.60593592
2016-11-07,999590.60593592
2016-11-08,999590.60593592
2016-11-09,999590.60593592
2016-11-10,999590.60593592
2016-11-14,999590.60593592
2016-11-15,999590.60593592
2016-11-16,999590.60593592
2016-11-17,999590.60593592
2016-11-18,999590.60593592
2016-11-21,999590.60593592
2016-11-22,999590.60593592
2016-11-23,999590.60593592
2016-11-25,999590.60593592
2016-11-28,999590.60593592
2016-11-29,999590.60593592
2016-11-30,999590.60593592
2016-12-01,999590.60593592
2016-12-02,999590.60593592
2016-12-05,999590.60593592
2016-12-06,999590.60593592
2016-12-07,999590.60593592
2016-12-08,999590.60593592
2016-12-09,999590.60593592
2016-12-12,999590.60593592
2016-12-13,999590.60593592
2016-12-14,999590.60593592
2016-12-15,999590.60593592
2016-12-16,999590.60593592
2016-12-19,999590.60593592
2016-12-20,999590.60593592
2016-12-21,999590.60593592
2016-12-22,999590.60593592
2016-12-23,999590.60593592
2016-12-27,999590.60593592
2016-12-28,999590.60593592
2016-12-29,999590.60593592
2016-12-30,999590.60593592
2017-01-03,999590.60593592
2017-01-04,999590.60593592
2017-01-05,999590.60593592
2017-01-06,999590.60593592
2017-01-09,999590.60593592
2017-01-10,999590.60593592
2017-01-11,999590.60593592
2017-01-12,999590.60593592
2017-01-13,999590.60593592
2017-01-17,999590.60593592
2017-01-18,999590.60593592
2017-01-19,999590.60593592
2017-01-20,999590.60593592
2017-01-23,999590.60593592
2017-01-24,999590.60593592
2017-01-25,999590.60593592
2017-01-26,999590.60593592
2017-01-27,999590.60593592
2017-01-30,999590.60593592
2017-01-31,999590.60593592
2017-02-01,999590.60593592
2017-02-02,999590.60593592
2017-02-03,999590.60593592
2017-02-06,999590.60593592
2017-02-07,999590.60593592
2017-02-08,999590.60593592
2017-02-09,999590.60593592
2017-02-10,999590.60593592
2017-02-13,999590.60593592
2017-02-14,999590.60593592
2017-02-15,999590.60593592
2017-02-16,999590.60593592
2017-02-17,999590.60593592
2017-02-21,999590.60593592
2017-02-22,999590.60593592
2017-02-23,999590.60593592
2017-02-24,999590.60593592
2017-02-27,999590.60593592
2017-02-28,999590.60593592
2017-03-01,999590.60593592
2017-03-02,999590.60593592
2017-03-03,999590.60593592
2017-03-06,999590.60593592
2017-03-07,999590.60593592
2017-03-08,999590.60593592
2017-03-09,999590.60593592
2017-03-10,999590.60593592
2017-03-13,999590.60593592
2017-03-14,999590.60593592
2017-03-15,999573.9174539701
2017-03-16,995200.3142237202
2017-03-17,994974.9605330478
2017-03-20,994974.9605330478
2017-03-21,994974.9605330478
2017-03-22,995402.2293249117
2017-03-23,995223.49528588
2017-03-24,995223.49528588
2017-03-27,995223.49528588
2017-03-28,995223.49528588
2017-03-29,995223.49528588
2017-03-30,995223.49528588
2017-03-31,995223.49528588
2017-04-03,995223.49528588
2017-04-04,995223.49528588
2017-04-05,992037.1598293795
2017-04-06,995416.9004925168
2017-04-07,995416.9004925168
2017-04-10,994894.7000023836
2017-04-11,995959.6950708035
2017-04-12,995959.6950708035
2017-04-13,996132.8402588187
2017-04-17,997961.5975656634
2017-04-18,997961.5975656634
2017-04-19,997961.5975656634
2017-04-20,997961.5975656634
2017-04-21,997961.5975656634
2017-04-24,997961.5975656634
2017-04-25,997902.604597083
2017-04-26,996427.4701386866
2017-04-27,996427.4701386866
2017-04-28,996427.4701386866
2017-05-01,996427.4701386866
2017-05-02,996427.4701386866
2017-05-03,996293.1169404475
2017-05-04,996659.114146956
2017-05-05,996659.114146956
2017-05-08,996659.114146956
2017-05-09,996659.114146956
2017-05-10,996659.114146956
2017-05-11,996659.114146956
2017-05-12,996659.114146956
2017-05-15,996659.114146956
2017-05-16,996659.114146956
2017-05-17,996659.114146956
2017-05-18,996659.114146956
2017-05-19,996659.114146956
2017-05-22,996659.114146956
2017-05-23,996659.114146956
2017-05-24,996659.114146956
2017-05-25,996659.114146956
2017-05-26,996659.114146956
2017-05-30,996659.114146956
2017-05-31,996659.114146956
2017-06-01,996659.114146956
2017-06-02,996659.114146956
2017-06-05,996659.114146956
2017-06-06,1001245.4359377627
2017-06-07,1003517.5780342305
2017-06-08,1003517.5780342305
2017-06-09,1003517.5780342305
2017-06-12,1003517.5780342305
2017-06-13,1003517.5780342305
2017-06-14,1003517.5780342305
2017-06-15,1003517.5780342305
2017-06-16,1003517.5780342305
2017-06-19,1003517.5780342305
2017-06-20,1003517.5780342305
2017-06-21,1003517.5780342305
2017-06-22,1003517.5780342305
2017-06-23,1003517.5780342305
2017-06-26,1003517.5780342305
2017-06-27,1003517.5780342305
2017-06-28,1003517.5780342305
2017-06-29,1003517.5780342305
2017-06-30,1003517.5780342305
2017-07-03,1003517.5780342305
2017-07-05,1004163.1345399617
2017-07-06,1002599.4127039473
2017-07-07,1002599.4127039473
2017-07-10,1002599.4127039473
2017-07-12,1002599.4127039473
2017-07-13,1002599.4127039473
2017-07-14,1002599.4127039473
2017-07-17,1002599.4127039473
2017-07-18,1002599.4127039473
2017-07-19,1002599.4127039473
2017-07-20,1002599.4127039473
2017-07-21,1002599.4127039473
2017-07-24,1002599.4127039473
2017-07-25,1002599.4127039473
2017-07-26,1002599.4127039473
2017-07-27,1002599.4127039473
2017-07-28,1002599.4127039473
2017-07-31,1002450.6140070428
2017-08-01,1000554.3705489585
2017-08-02,1000392.081033659
2017-08-03,996896.90857872
2017-08-04,996810.301889827
2017-08-07,998238.7021736577
2017-08-08,998238.7021736577
2017-08-09,998143.3893199991
2017-08-10,998313.9156289108
2017-08-11,998735.1645620348
2017-08-14,998938.7018535213
2017-08-15,998938.7018535213
2017-08-16,998938.7018535213
2017-08-17,998938.7018535213
2017-08-18,998938.7018535213
2017-08-21,998921.3700160517
2017-08-22,999186.8158704513
2017-08-23,999186.8158704513
2017-08-24,999186.8158704513
2017-08-25,999186.8158704513
2017-08-28,999186.8158704513
2017-08-29,999186.8158704513
2017-08-30,999131.9186456456
2017-08-31,998983.4890778873
2017-09-01,998983.4890778873
2017-09-05,998983.4890778873
2017-09-06,998983.4890778873
2017-09-07,998992.6232883438
2017-09-08,999864.6947103908
2017-09-11,999864.6947103908
2017-09-12,999864.6947103908
2017-09-13,999864.6947103908
2017-09-14,999864.6947103908
2017-09-15,999864.6947103908
2017-09-18,999864.6947103908
2017-09-19,999864.6947103908
2017-09-20,999864.6947103908
2017-09-21,999821.3082874875
2017-09-22,999713.2853557268
2017-09-25,999694.0316496416
2017-09-26,999694.0316496416
2017-09-27,999694.0316496416
2017-09-28,999694.0316496416
2017-09-29,999694.0316496416
2017-10-02,999694.0316496416
2017-10-03,999694.0316496416
2017-10-04,999694.0316496416
2017-10-05,999694.0316496416
2017-10-06,999301.4792547703
2017-10-09,999301.4792547703
2017-10-10,999301.4792547703
2017-10-11,999301.4792547703
2017-10-12,999301.4792547703
2017-10-13,999301.4792547703
2017-10-16,998642.3884980952
2017-10-17,997154.0855152438
2017-10-18,997154.0855152438
2017-10-19,997154.0855152438
2017-10-20,997154.0855152438
2017-10-23,997154.0855152438
2017-10-24,997264.3755918002
2017-10-25,998842.2711486599
2017-10-26,998842.2711486599
2017-10-27,998842.2711486599
2017-10-30,998842.2711486599
2017-10-31,998842.2711486599
2017-11-01,998842.2711486599
2017-11-02,998842.2711486599
2017-11-03,998842.2711486599
2017-11-06,998842.2711486599
2017-11-07,998842.2711486599
2017-11-08,998842.2711486599
2017-11-09,998842.2711486599
2017-11-10,998842.2711486599
2017-11-13,998842.2711486599
2017-11-14,998842.2711486599
2017-11-15,998842.2711486599
2017-11-17,998842.2711486599
2017-11-20,998842.2711486599
2017-11-21,998842.2711486599
2017-11-22,998842.2711486599
2017-11-24,998842.2711486599
2017-11-27,998842.2711486599
2017-11-28,998842.2711486599
2017-11-29,998842.2711486599
2017-11-30,998842.2711486599
2017-12-01,998842.2711486599
2017-12-04,998842.2711486599
2017-12-05,998842.2711486599
2017-12-06,998842.2711486599
2017-12-07,1002751.4439866085
2017-12-08,1003844.5937575082
2017-12-11,1003844.5937575082
2017-12-12,1003844.5937575082
2017-12-13,1003919.6652082442
2017-12-14,1001055.9553319274
2017-12-15,1001055.9553319274
2017-12-18,1001055.9553319274
2017-12-19,1001055.9553319274
2017-12-20,1001055.9553319274
2017-12-21,1001055.9553319274
2017-12-22,1001055.9553319274
2017-12-26,1001055.9553319274
2017-12-27,1001055.9553319274
2017-12-28,1001055.9553319274
2017-12-29,999597.9639669526
2018-01-02,1002388.4795576921
2018-01-03,1002214.0021536972
2018-01-04,1001659.2852698973
2018-01-05,1001919.2786927291
2018-01-08,1001919.2786927291
2018-01-09,1001919.2786927291
2018-01-10,1001919.2786927291
2018-01-11,1001919.2786927291
2018-01-12,1001919.2786927291
2018-01-16,1001919.2786927291
2018-01-17,1001805.4879636684
2018-01-18,1002040.6105115411
2018-01-19,1003348.4794129226
2018-01-22,1003348.4794129226
2018-01-23,1003348.4794129226
2018-01-24,1003348.4794129226
2018-01-25,1003348.4794129226
2018-01-26,1003348.4794129226
2018-01-30,1003348.4794129226
2018-01-31,1003348.4794129226
2018-02-01,1003348.4794129226
2018-02-02,1003348.4794129226
2018-02-05,1003348.4794129226
2018-02-06,1003348.4794129226
2018-02-07,1003348.4794129226
2018-02-08,1003348.4794129226
2018-02-09,1003348.4794129226
2018-02-12,1003348.4794129226
2018-02-13,1003348.4794129226
2018-02-14,1003348.4794129226
2018-02-15,1003348.4794129226
2018-02-16,1003097.0289471544
2018-02-20,1001658.3411064838
2018-02-21,1001658.3411064838
2018-02-22,1001658.3411064838
2018-02-23,1001658.3411064838
2018-02-26,1001658.3411064838
2018-02-27,1001658.3411064838
2018-02-28,1001658.3411064838
2018-03-01,1001658.3411064838
2018-03-02,1001658.3411064838
2018-03-05,1001658.3411064838
2018-03-06,1001658.3411064838
2018-03-07,1001658.3411064838
2018-03-08,1001658.3411064838
2018-03-09,1001658.3411064838
2018-03-12,1001658.3411064838
2018-03-13,1001658.3411064838
2018-03-14,1001658.3411064838
2018-03-15,1001582.926018012
2018-03-16,1000971.8698684165
2018-03-19,1002219.2352209783
2018-03-20,1001919.71578378
2018-03-21,1001919.71578378
2018-03-22,1001919.71578378
2018-03-23,1001919.71578378
2018-03-26,1001919.71578378
2018-03-27,1001994.646365862
2018-03-28,1003075.5866865629
2018-03-29,1003075.5866865629
2018-04-02,1003075.5866865629
2018-04-03,1003075.5866865629
2018-04-04,1003075.5866865629
2018-04-05,1003075.5866865629
2018-04-06,1003075.5866865629
2018-04-09,1003075.5866865629
2018-04-10,1003075.5866865629
2018-04-11,1003075.5866865629
2018-04-12,1003075.5866865629
2018-04-13,1003075.5866865629
2018-04-16,1003075.5866865629
2018-04-17,1003075.5866865629
2018-04-18,1003075.5866865629
2018-04-19,1002939.543152487
2018-04-20,1002716.3444864264
2018-04-23,1003168.7549461768
2018-04-24,1004260.3637685508
2018-04-25,1002958.087233993
2018-04-26,1003490.7395922779
2018-04-27,1002773.7078984658
2018-04-30,1002663.5229737844
2018-05-01,1002956.289716048
2018-05-02,1006124.6845766923
2018-05-03,1004416.4535573055
2018-05-04,1004607.4880548656
2018-05-07,1004829.3010491604
2018-05-08,1004911.0169873774
2018-05-09,1007277.8464860552
2018-05-10,1006115.8094715057
2018-05-11,1004756.0268778373
2018-05-14,1004885.9925340543
2018-05-15,1005327.7112202193
2018-05-16,1008408.9760825732
2018-05-17,1008843.9267055389
2018-05-18,1008843.9267055389
2018-05-21,1008843.9267055389
2018-05-22,1008843.9267055389
2018-05-23,1008843.9267055389
2018-05-24,1008843.9267055389
2018-05-25,1008843.9267055389
2018-05-29,1008843.9267055389
2018-05-30,1008843.9267055389
2018-05-31,1008843.9267055389
2018-06-01,1008843.9267055389
2018-06-04,1008843.9267055389
2018-06-05,1008843.9267055389
2018-06-06,1008843.9267055389
2018-06-07,1008843.9267055389
2018-06-08,1008843.9267055389
2018-06-11,1008843.9267055389
2018-06-12,1008843.9267055389
2018-06-13,1008843.9267055389
2018-06-14,1008843.9267055389
2018-06-15,1008843.9267055389
2018-06-18,1008843.9267055389
2018-06-19,1008843.9267055389
2018-06-20,1008843.9267055389
2018-06-21,1008843.9267055389
2018-06-22,1008843.9267055389
2018-06-25,1008843.9267055389
2018-06-26,1008843.9267055389
2018-06-27,1008843.9267055389
2018-06-28,1008843.9267055389
2018-06-29,1008843.9267055389
2018-07-02,1008843.9267055389
2018-07-03,1008843.9267055389
2018-07-05,1008843.9267055389
2018-07-06,1008843.9267055389
2018-07-09,1008843.9267055389
2018-07-10,1007966.0756114514
2018-07-11,1016995.9733575698
2018-07-12,1021191.2119267386
2018-07-13,1022900.9571704635
2018-07-16,1022694.603046545
2018-07-17,1024240.8821338505
2018-07-18,1025078.6053168584
2018-07-19,1025246.5624625382
2018-07-20,1021188.786351465
2018-07-23,1020712.6430499449
2018-07-24,1020712.6430499449
2018-07-25,1020712.6430499449
2018-07-26,1020712.6430499449
2018-07-27,1020712.6430499449
2018-07-30,1020712.6430499449
2018-07-31,1020712.6430499449
2018-08-01,1020712.6430499449
2018-08-02,1020712.6430499449
2018-08-03,1020712.6430499449
2018-08-06,1020712.6430499449
2018-08-07,1020712.6430499449
2018-08-08,1020712.6430499449
2018-08-09,1020712.6430499449
2018-08-10,1020712.6430499449
2018-08-13,1020712.6430499449
2018-08-14,1020712.6430499449
2018-08-15,1020712.6430499449
2018-08-16,1020712.6430499449
2018-08-17,1020712.6430499449
2018-08-20,1020712.6430499449
2018-08-21,1020712.6430499449
2018-08-22,1020712.6430499449
2018-08-23,1020712.6430499449
2018-08-24,1020712.6430499449
2018-08-27,1020712.6430499449
2018-08-28,1020712.6430499449
2018-08-29,1020712.6430499449
2018-08-30,1020712.6430499449
2018-08-31,1022947.6283957852
2018-09-04,1025335.8633165546
2018-09-05,1025335.8633165546
2018-09-06,1025335.8633165546
2018-09-07,1025335.8633165546
2018-09-10,1025335.8633165546
2018-09-11,1025335.8633165546
2018-09-12,1025335.8633165546
2018-09-13,1025335.8633165546
2018-09-14,1025335.8633165546
2018-09-17,1025335.8633165546
2018-09-18,1025335.8633165546
2018-09-19,1025335.8633165546
2018-09-20,1025335.8633165546
2018-09-21,1025335.8633165546
2018-09-24,1025335.8633165546
2018-09-25,1025335.8633165546
2018-09-26,1025335.8633165546
2018-09-27,1025335.8633165546
2018-09-28,1025335.8633165546
2018-10-01,1025335.8633165546
2018-10-02,1025335.8633165546
2018-10-03,1025335.8633165546
2018-10-04,1025335.8633165546
2018-10-05,1025335.8633165546
2018-10-08,1025335.8633165546
2018-10-09,1025330.6480792814
2018-10-10,1025246.7920669477
2018-10-11,1025246.7920669477
2018-10-12,1025246.7920669477
2018-10-15,1025246.7920669477
2018-10-16,1025246.7920669477
2018-10-17,1025246.7920669477
2018-10-18,1025246.7920669477
2018-10-19,1025231.9108163225
2018-10-22,1024949.5265605341
2018-10-23,1024949.5265605341
2018-10-24,1024949.5265605341
2018-10-25,1024949.5265605341
2018-10-26,1024949.5265605341
2018-10-29,1024949.5265605341
2018-10-30,1024949.5265605341
2018-10-31,1024949.5265605341
2018-11-01,1024928.6392964498
2018-11-02,1024425.4562424404
2018-11-05,1024144.3068445603
2018-11-06,1024429.0348112147
2018-11-07,1024429.0348112147
2018-11-08,1024429.0348112147
2018-11-09,1024429.0348112147
2018-11-12,1024429.0348112147
2018-11-13,1024429.0348112147
2018-11-14,1024429.0348112147
2018-11-15,1024429.0348112147
2018-11-16,1024429.0348112147
2018-11-19,1024429.0348112147
2018-11-20,1024429.0348112147
2018-11-21,1024429.0348112147
2018-11-23,1023143.8453213528
2018-11-26,1022861.5539328065
2018-11-27,1022861.5539328065
2018-11-28,1022786.657236245
2018-11-29,1022022.4741469282
2018-11-30,1021503.4115771018
2018-12-03,1022772.2464708226
2018-12-04,1025471.7445764836
2018-12-06,1019447.9664529439
2018-12-07,1019447.9664529439
2018-12-10,1019447.9664529439
2018-12-11,1019447.9664529439
2018-12-12,1019447.9664529439
2018-12-13,1019447.9664529439
2018-12-14,1019447.9664529439
2018-12-17,1019405.7117139394
2018-12-18,1017391.2443923849
2018-12-19,1016160.471290777
2018-12-20,1016160.471290777
2018-12-21,1016160.471290777
2018-12-24,1016257.2211480794
2018-12-26,1018609.033807228
2018-12-27,1015637.1709714486
2018-12-28,1016888.3247000666
2018-12-31,1018775.8239691707
2019-01-02,1021164.4194985216
2019-01-03,1029275.6063580413
2019-01-04,1027902.5069834447
2019-01-07,1025260.4682249713
2019-01-08,1024885.2885176545
2019-01-09,1024268.7179014923
2019-01-10,1026438.1858718577
2019-01-11,1026266.2145494565
2019-01-14,1026018.7834352282
2019-01-15,1026311.4087139445
2019-01-16,1025720.5789996722
2019-01-17,1025131.1589753183
2019-01-18,1024959.9382265417
2019-01-22,1024959.9382265417
2019-01-23,1024959.9382265417
2019-01-24,1024959.9382265417
2019-01-25,1024959.9382265417
2019-01-28,1024959.9382265417
2019-01-29,1024959.9382265417
2019-01-30,1024959.9382265417
2019-01-31,1024959.9382265417
2019-02-01,1024959.9382265417
2019-02-04,1024959.9382265417
2019-02-05,1024959.9382265417
2019-02-06,1024959.9382265417
2019-02-07,1024959.9382265417
2019-02-08,1024959.9382265417
2019-02-11,1024959.9382265417
2019-02-12,1024959.9382265417
2019-02-13,1024959.9382265417
2019-02-14,1024959.9382265417
2019-02-15,1024959.9382265417
2019-02-19,1030917.4845552829
2019-02-20,1031556.0939668518
2019-02-21,1031556.0939668518
2019-02-22,1031556.0939668518
2019-02-25,1031556.0939668518
2019-02-26,1031556.0939668518
2019-02-27,1031556.0939668518
2019-02-28,1031556.0939668518
2019-03-01,1031556.0939668518
2019-03-04,1031571.9106935082
2019-03-05,1030872.5657402171
2019-03-06,1030872.5657402171
2019-03-07,1030872.5657402171
2019-03-08,1030872.5657402171
2019-03-11,1030872.5657402171
2019-03-12,1030872.5657402171
2019-03-13,1030872.5657402171
2019-03-14,1030872.5657402171
2019-03-15,1030872.5657402171
2019-03-18,1030872.5657402171
2019-03-19,1030872.5657402171
2019-03-20,1030872.5657402171
2019-03-21,1030872.5657402171
2019-03-22,1030872.5657402171
2019-03-25,1030872.5657402171
2019-03-26,1030872.5657402171
2019-03-27,1030872.5657402171
2019-03-28,1030872.5657402171
2019-03-29,1030872.5657402171
2019-04-01,1030872.5657402171
2019-04-02,1030872.5657402171
2019-04-03,1030872.5657402171
2019-04-04,1030872.5657402171
2019-04-05,1030872.5657402171
2019-04-08,1030872.5657402171
2019-04-09,1030872.5657402171
2019-04-10,1030872.5657402171
2019-04-11,1030872.5657402171
2019-04-12,1030872.5657402171
2019-04-15,1030872.5657402171
2019-04-16,1030872.5657402171
2019-04-17,1030872.5657402171
2019-04-18,1030872.5657402171
2019-04-22,1030872.5657402171
2019-04-23,1030872.5657402171
2019-04-24,1028474.567543261
2019-04-25,1027461.1322222346
2019-04-26,1025122.7697654311
2019-04-29,1025122.7697654311
2019-04-30,1025122.7697654311
2019-05-01,1025122.7697654311
2019-05-02,1025122.7697654311
2019-05-03,1025122.7697654311
2019-05-06,1025122.7697654311
2019-05-07,1025122.7697654311
2019-05-08,1025122.7697654311
2019-05-09,1025122.7697654311
2019-05-10,1025122.7697654311
2019-05-13,1025122.7697654311
2019-05-14,1025122.7697654311
2019-05-15,1025122.7697654311
2019-05-16,1024945.6306488169
2019-05-17,1023499.8104569811
2019-05-20,1023499.8104569811
2019-05-21,1023499.8104569811
2019-05-23,1023499.8104569811
2019-05-24,1023499.8104569811
2019-05-28,1023499.8104569811
2019-05-29,1023499.8104569811
2019-05-30,1023499.8104569811
2019-05-31,1023499.8104569811
2019-06-03,1023499.8104569811
2019-06-04,1023499.8104569811
2019-06-05,1023499.8104569811
2019-06-06,1023499.8104569811
2019-06-07,1023499.8104569811
2019-06-10,1023499.8104569811
2019-06-11,1022867.316446927
2019-06-12,1023007.4593585772
2019-06-13,1023007.4593585772
2019-06-14,1023007.4593585772
2019-06-17,1023007.4593585772
2019-06-18,1023007.4593585772
2019-06-19,1023007.4593585772
2019-06-20,1023007.4593585772
2019-06-21,1023007.4593585772
2019-06-24,1023007.4593585772
2019-06-25,1023007.4593585772
2019-06-26,1023007.4593585772
2019-06-27,1023007.4593585772
2019-06-28,1023007.4593585772
2019-07-01,1023007.4593585772
2019-07-02,1023007.4593585772
2019-07-03,1023007.4593585772
2019-07-05,1023007.4593585772
2019-07-08,1022938.0780412806
2019-07-09,1021918.2669934202
2019-07-10,1021918.2669934202
2019-07-11,1021918.2669934202
2019-07-12,1021918.2669934202
2019-07-15,1021918.2669934202
2019-07-16,1021918.2669934202
2019-07-17,1021918.2669934202
2019-07-18,1021918.2669934202
2019-07-19,1021918.2669934202
2019-07-22,1021918.2669934202
2019-07-23,1021918.2669934202
2019-07-24,1021918.2669934202
2019-07-25,1021918.2669934202
2019-07-26,1021918.2669934202
2019-07-29,1021918.2669934202
2019-07-30,1021918.2669934202
2019-07-31,1021918.2669934202
2019-08-01,1021918.2669934202
2019-08-02,1021918.2669934202
2019-08-05,1028747.0475477731
2019-08-06,1033764.714533731
2019-08-07,1033764.714533731
2019-08-08,1033764.714533731
2019-08-09,1033764.714533731
2019-08-12,1033764.714533731
2019-08-13,1033764.714533731
2019-08-14,1033764.714533731
2019-08-15,1033764.714533731
2019-08-16,1033764.714533731
2019-08-19,1033764.714533731
2019-08-20,1033764.714533731
2019-08-21,1033764.714533731
2019-08-22,1033764.714533731
2019-08-23,1033764.714533731
2019-08-26,1033764.714533731
2019-08-27,1033764.714533731
2019-08-28,1033764.714533731
2019-08-29,1033764.714533731
2019-08-30,1033764.714533731
2019-09-03,1033764.714533731
2019-09-04,1033764.714533731
2019-09-05,1033764.714533731
2019-09-06,1033764.714533731
2019-09-09,1033764.714533731
2019-09-10,1033764.714533731
2019-09-11,1033764.714533731
2019-09-12,1033764.714533731
2019-09-13,1033764.714533731
2019-09-16,1033764.714533731
2019-09-17,1033764.714533731
2019-09-18,1033764.714533731
2019-09-19,1033764.714533731
2019-09-20,1033764.714533731
2019-09-23,1033764.714533731
2019-09-24,1033764.714533731
2019-09-25,1033764.714533731
2019-09-26,1033764.714533731
2019-09-27,1033764.714533731
2019-09-30,1033764.714533731
2019-10-01,1033764.714533731
2019-10-02,1033764.714533731
2019-10-03,1033764.714533731
2019-10-04,1033764.714533731
2019-10-07,1033764.714533731
2019-10-08,1033764.714533731
2019-10-09,1033764.714533731
2019-10-10,1033764.714533731
2019-10-11,1033764.714533731
2019-10-14,1033764.714533731
2019-10-15,1033764.714533731
2019-10-16,1033764.714533731
2019-10-17,1033764.714533731
2019-10-18,1033764.714533731
2019-10-21,1033764.714533731
2019-10-22,1033764.714533731
2019-10-23,1033764.714533731
2019-10-24,1033764.714533731
2019-10-25,1033764.714533731
2019-10-28,1033764.714533731
2019-10-29,1033764.714533731
2019-10-30,1033764.714533731
2019-10-31,1033764.714533731
2019-11-01,1033764.714533731
2019-11-04,1033764.714533731
2019-11-05,1033764.714533731
2019-11-06,1031775.7254888092
2019-11-07,1031145.7542330344
2019-11-08,1031145.7542330344
2019-11-11,1031145.7542330344
2019-11-12,1031145.7542330344
2019-11-13,1031145.7542330344
2019-11-14,1031145.7542330344
2019-11-15,1031145.7542330344
2019-11-18,1031145.7542330344
2019-11-19,1031145.7542330344
2019-11-20,1031145.7542330344
2019-11-21,1031145.7542330344
2019-11-22,1031145.7542330344
2019-11-25,1031145.7542330344
2019-11-26,1031145.7542330344
2019-11-27,1031145.7542330344
2019-11-29,1031086.4448283992
2019-12-02,1031121.6276311816
2019-12-03,1031121.6276311816
2019-12-04,1031121.6276311816
2019-12-05,1031121.6276311816
2019-12-06,1031121.6276311816
2019-12-09,1030933.651712974
2019-12-10,1030524.0251686687
2019-12-11,1030524.0251686687
2019-12-12,1030524.0251686687
2019-12-13,1030524.0251686687
2019-12-16,1030524.0251686687
2019-12-17,1030524.0251686687
2019-12-18,1030524.0251686687
2019-12-19,1030524.0251686687
2019-12-20,1030524.0251686687
2019-12-23,1030524.0251686687
2019-12-24,1030524.0251686687
2019-12-26,1030524.0251686687
2019-12-27,1030524.0251686687
2019-12-30,1030524.0251686687
2019-12-31,1030524.0251686687
2020-01-02,1030524.0251686687
2020-01-03,1030524.0251686687
2020-01-06,1030524.0251686687
2020-01-07,1030524.0251686687
2020-01-08,1030524.0251686687
2020-01-09,1030524.0251686687
2020-01-10,1030524.0251686687
2020-01-13,1030524.0251686687
2020-01-14,1030524.0251686687
2020-01-15,1030524.0251686687
2020-01-16,1030524.0251686687
2020-01-17,1030524.0251686687
2020-01-21,1030524.0251686687
2020-01-22,1030524.0251686687
2020-01-23,1030524.0251686687
2020-01-24,1030524.0251686687
2020-01-27,1030438.6975790098
2020-01-28,1030876.3742389688
2020-01-29,1030876.3742389688
2020-01-30,1030876.3742389688
2020-01-31,1030876.3742389688
2020-02-03,1030876.3742389688
2020-02-04,1030876.3742389688
2020-02-05,1030876.3742389688
2020-02-06,1030876.3742389688
2020-02-07,1030876.3742389688
2020-02-10,1030896.2712939004
2020-02-11,1031279.9117549902
2020-02-12,1031279.9117549902
2020-02-13,1031279.9117549902
2020-02-14,1031279.9117549902
2020-02-18,1031279.9117549902
2020-02-19,1031279.9117549902
2020-02-20,1031279.9117549902
2020-02-21,1031279.9117549902
2020-02-24,1031279.9117549902
2020-02-25,1031218.0449633774
2020-02-26,1031251.0752735615
2020-02-27,1031370.4608262217
2020-02-28,1032106.9972393911
2020-03-02,1032202.5263414041
2020-03-03,1032479.021291993
2020-03-04,1032566.6873867445
2020-03-05,1032483.9955969314
2020-03-06,1032475.765363841
2020-03-09,1032489.8606615837
2020-03-10,1032508.6958824085
2020-03-11,1032503.4588747284
2020-03-12,1032488.3541182559
2020-03-13,1032483.567976831
2020-03-16,1032481.0286813326
2020-03-17,1032483.7949089301
2020-03-18,1032475.9807146888
2020-03-19,1032476.3251260131
2020-03-20,1032456.6221918352
2020-03-23,1032457.8165950741
2020-03-24,1032464.5349316957
2020-03-25,1032468.291764532
2020-03-26,1032477.1631486254
2020-03-27,1032483.6060993798
2020-03-30,1032483.7234503677
2020-03-31,1032478.749626834
2020-04-01,1032480.0376102694
2020-04-02,1032474.5376333295
2020-04-03,1032468.054802953
2020-04-06,1032465.4893324971
2020-04-07,1032465.9516397015
2020-04-08,1032469.186244912
2020-04-09,1032467.5784929291
2020-04-13,1032470.8317673809
2020-04-14,1032470.0266667919
2020-04-15,1032471.354593405
2020-04-16,1032468.462501091
2020-04-17,1032467.1721147156
2020-04-20,1032467.1604999795
2020-04-21,1032467.11892447
2020-04-22,1032467.215097348
2020-04-23,1032466.5255502772
2020-04-24,1032466.3042688053
2020-04-27,1032467.0059926108
2020-04-28,1032467.4151032023
2020-04-29,1032467.3667421273
2020-04-30,1032468.4065606429
2020-05-01,1032468.8956888788
2020-05-04,1032468.6012754922
2020-05-05,1032467.6947819367
2020-05-06,1032467.2306448382
2020-05-07,1032466.6567415713
2020-05-08,1032467.2525560295
2020-05-11,1032466.9804712461
2020-05-12,1032466.5507078348
2020-05-13,1032466.9825162698
2020-05-14,1032466.7288162193
2020-05-15,1032466.5237885895
2020-05-18,1032466.6883532727
2020-05-19,1032468.9968738923
2020-05-20,1032469.2191125513
2020-05-21,1032469.5420690831
2020-05-22,1032469.7674268822
2020-05-26,1032468.6505421754
2020-05-27,1032469.617517963
2020-05-28,1032470.9295603498
2020-05-29,1032471.8242597142
2020-06-01,1032472.2558037407
2020-06-02,1032472.5190814199
2020-06-03,1032474.1849510546
2020-06-04,1032475.3037866228
2020-06-05,1032476.9067773258
2020-06-08,1032477.3281174413
2020-06-09,1032476.4129981743
2020-06-10,1032476.0305236918
2020-06-11,1032475.6572242628
2020-06-12,1032473.7955835295
2020-06-15,1032474.0849964198
2020-06-16,1032475.8095570303
2020-06-17,1032474.3773406174
2020-06-18,1032473.4144452204
2020-06-19,1032473.1066977942
2020-06-22,1032472.3544939052
2020-06-23,1032474.0295968273
2020-06-24,1032474.4705149487
2020-06-25,1032473.5234501672
2020-06-26,1032472.7960359168
2020-06-29,1032472.8087501584
2020-06-30,1032473.9031553176
2020-07-01,1032472.9298326854
2020-07-02,1032473.146374296
2020-07-06,1032472.9118374174
2020-07-07,1032474.0348889685
2020-07-08,1032473.1751439222
2020-07-09,1032474.0838985409
2020-07-10,1032473.1777196914
2020-07-13,1032473.7511288082
2020-07-14,1032474.8387450743
2020-07-15,1032476.0860102875
2020-07-16,1032476.0860102875
2020-07-17,1032476.0860102875
2020-07-20,1032476.0860102875
2020-07-21,1032476.0860102875
2020-07-22,1032476.0860102875
2020-07-23,1032476.0860102875
2020-07-24,1032476.0860102875
2020-07-27,1032476.0860102875
2020-07-28,1032476.0860102875
2020-07-29,1032476.0860102875
2020-07-30,1032476.0860102875
2020-07-31,1032476.0860102875
2020-08-03,1032476.0860102875
2020-08-04,1032476.0860102875
2020-08-05,1032476.0860102875
2020-08-06,1032476.0860102875
2020-08-07,1032476.0860102875
2020-08-10,1032476.0860102875
2020-08-11,1032476.0860102875
2020-08-12,1032476.0860102875
2020-08-13,1032476.0860102875
2020-08-14,1032476.0860102875
2020-08-17,1032476.0860102875
2020-08-18,1032476.0860102875
2020-08-19,1032476.0860102875
2020-08-20,1032476.0860102875
2020-08-21,1032476.0860102875
2020-08-24,1032476.0860102875
2020-08-25,1032476.0860102875
2020-08-26,1032476.0860102875
2020-08-27,1032476.0860102875
2020-08-28,1032476.0860102875
2020-08-31,1032476.0860102875
2020-09-01,1032476.0860102875
2020-09-02,1032476.0860102875
2020-09-03,1032476.0860102875
2020-09-04,1032476.0860102875
2020-09-08,1032476.0860102875
2020-09-09,1032476.0860102875
2020-09-10,1032476.0860102875
2020-09-11,1032476.0860102875
2020-09-14,1032476.0860102875
2020-09-15,1032476.0860102875
2020-09-16,1032476.0860102875
2020-09-17,1032476.0860102875
2020-09-18,1032476.0860102875
2020-09-21,1032476.0860102875
2020-09-22,1032476.0860102875
2020-09-23,1032476.0860102875
2020-09-24,1032476.0860102875
2020-09-25,1032476.0860102875
2020-09-28,1032476.0860102875
2020-09-29,1032476.0860102875
2020-09-30,1032476.0860102875
2020-10-01,1032476.0860102875
2020-10-02,1032476.0860102875
2020-10-05,1032476.0860102875
2020-10-06,1032476.0860102875
2020-10-07,1032476.0860102875
2020-10-08,1032476.0860102875
2020-10-09,1032476.0860102875
2020-10-12,1032476.0860102875
2020-10-13,1032476.0860102875
2020-10-14,1032476.0860102875
2020-10-15,1032476.0860102875
2020-10-16,1032476.0860102875
2020-10-19,1032476.0860102875
2020-10-20,1032476.0860102875
2020-10-21,1032476.0860102875
2020-10-22,1032476.0860102875
2020-10-23,1032476.0860102875
2020-10-26,1032476.0860102875
2020-10-27,1032476.0860102875
2020-10-28,1032476.0860102875
2020-10-29,1032476.0860102875
2020-10-30,1032476.0860102875
2020-11-02,1032476.0860102875
2020-11-03,1032476.0860102875
2020-11-04,1032476.0860102875
2020-11-05,1032476.0860102875
2020-11-06,1032476.0860102875
2020-11-09,1032476.0860102875
2020-11-10,1032476.0860102875
2020-11-11,1032476.0860102875
2020-11-12,1032476.0860102875
2020-11-13,1032476.0860102875
2020-11-16,1032476.0860102875
2020-11-17,1032476.0860102875
2020-11-18,1032476.0860102875
2020-11-19,1032476.0860102875
2020-11-20,1032476.0860102875
2020-11-23,1032476.0860102875
2020-11-24,1032476.0860102875
2020-11-25,1032476.0860102875
2020-11-27,1032476.0860102875
2020-11-30,1032476.0860102875
2020-12-01,1032476.0860102875
2020-12-02,1032476.0860102875
2020-12-03,1032476.0860102875
2020-12-04,1032476.0860102875
2020-12-07,1032476.0860102875
2020-12-08,1032476.0860102875
2020-12-09,1032476.0860102875
2020-12-10,1032476.0860102875
2020-12-11,1032476.0860102875
2020-12-14,1032476.0860102875
2020-12-15,1032476.0860102875
2020-12-16,1032476.0860102875
2020-12-17,1032476.0860102875
2020-12-18,1032476.0860102875
2020-12-21,1032476.0860102875
2020-12-22,1032476.0860102875
2020-12-23,1032476.0860102875
2020-12-24,1032476.0860102875
2020-12-28,1032476.0860102875
2020-12-29,1032476.0860102875
2020-12-30,1032476.0860102875
2020-12-31,1031588.7584042033
2021-01-04,1035244.1912523999
2021-01-05,1035666.1741307272
2021-01-06,1037416.2940523983
2021-01-07,1036003.845207921
2021-01-08,1032916.2127814327
2021-01-11,1031689.2714188605
2021-01-12,1031689.2714188605
2021-01-13,1031689.2714188605
2021-01-14,1031689.2714188605
2021-01-15,1031689.2714188605
2021-01-19,1031689.2714188605
2021-01-20,1031689.2714188605
2021-01-21,1031689.2714188605
2021-01-22,1031689.2714188605
2021-01-25,1031689.2714188605
2021-01-26,1031689.2714188605
2021-01-27,1031689.2714188605
2021-01-28,1031689.2714188605
2021-01-29,1031689.2714188605
2021-02-01,1031689.2714188605
2021-02-02,1031689.2714188605
2021-02-03,1031689.2714188605
2021-02-04,1031689.2714188605
2021-02-05,1031689.2714188605
2021-02-08,1031689.2714188605
2021-02-09,1031689.2714188605
2021-02-10,1031689.2714188605
2021-02-11,1031689.2714188605
2021-02-12,1031689.2714188605
2021-02-16,1031689.2714188605
2021-02-17,1031689.2714188605
2021-02-18,1031689.2714188605
2021-02-19,1031689.2714188605
2021-02-22,1031689.2714188605
2021-02-23,1031689.2714188605
2021-02-24,1031689.2714188605
2021-02-25,1031689.2714188605
2021-02-26,1031689.2714188605
2021-03-01,1031689.2714188605
2021-03-02,1031689.2714188605
2021-03-03,1031689.2714188605
2021-03-04,1031689.2714188605
2021-03-05,1031689.2714188605
2021-03-08,1031689.2714188605
2021-03-09,1031689.2714188605
2021-03-10,1031689.2714188605
2021-03-11,1031689.2714188605
2021-03-12,1031689.2714188605
2021-03-15,1031689.2714188605
2021-03-16,1031689.2714188605
2021-03-17,1031689.2714188605
2021-03-18,1031689.2714188605
2021-03-19,1031689.2714188605
2021-03-22,1031689.2714188605
2021-03-23,1031689.2714188605
2021-03-24,1031689.2714188605
2021-03-25,1031689.2714188605
2021-03-26,1031689.2714188605
2021-03-29,1031689.2714188605
2021-03-30,1033963.1586449324
2021-03-31,1035477.4793041924
2021-04-01,1037153.1167862307
2021-04-05,1036878.2440955704
2021-04-06,1035055.7473749605
2021-04-07,1033471.6124622909
2021-04-08,1033471.6124622909
2021-04-09,1033471.6124622909
2021-04-12,1033471.6124622909
2021-04-13,1033408.7366274502
2021-04-14,1031646.2590297286
2021-04-15,1031646.2590297286
2021-04-16,1031646.2590297286
2021-04-19,1031646.2590297286
2021-04-20,1031646.2590297286
2021-04-21,1031646.2590297286
2021-04-22,1031646.2590297286
2021-04-23,1031646.2590297286
2021-04-26,1031912.011842634
2021-04-27,1032084.8892424257
2021-04-28,1032084.8892424257
2021-04-29,1032084.8892424257
2021-04-30,1032084.8892424257
2021-05-03,1032084.8892424257
2021-05-04,1032048.3129255709
2021-05-05,1032910.7975248153
2021-05-06,1032910.7975248153
2021-05-07,1032910.7975248153
2021-05-10,1032910.7975248153
2021-05-11,1032910.7975248153
2021-05-12,1032910.7975248153
2021-05-13,1032910.7975248153
2021-05-14,1032910.7975248153
2021-05-17,1032870.4746544679
2021-05-18,1032229.1041639223
2021-05-19,1030736.3779114456
2021-05-20,1030736.3779114456
2021-05-21,1030736.3779114456
2021-05-24,1030736.3779114456
2021-05-25,1030736.3779114456
2021-05-26,1030736.3779114456
2021-05-27,1030736.3779114456
2021-05-28,1030736.3779114456
2021-06-01,1030736.3779114456
2021-06-02,1032519.5390665085
2021-06-03,1033124.9229181043
2021-06-04,1033124.9229181043
2021-06-07,1033124.9229181043
2021-06-08,1033124.9229181043
2021-06-09,1033124.9229181043
2021-06-10,1033124.9229181043
2021-06-11,1033124.9229181043
2021-06-14,1033124.9229181043
2021-06-15,1033018.4569466508
2021-06-16,1032686.5882688434
2021-06-17,1035259.8493203449
2021-06-18,1035259.8493203449
2021-06-21,1035259.8493203449
2021-06-22,1035259.8493203449
2021-06-23,1035259.8493203449
2021-06-24,1035259.8493203449
2021-06-25,1035259.8493203449
2021-06-28,1035259.8493203449
2021-06-29,1035259.8493203449
2021-06-30,1035259.8493203449
2021-07-01,1035259.8493203449
2021-07-02,1035259.8493203449
2021-07-06,1035259.8493203449
2021-07-07,1035259.8493203449
2021-07-08,1035259.8493203449
2021-07-09,1035259.8493203449
2021-07-12,1035259.8493203449
2021-07-13,1035259.8493203449
2021-07-14,1035259.8493203449
2021-07-15,1035259.8493203449
2021-07-16,1035259.8493203449
2021-07-19,1035259.8493203449
2021-07-20,1035259.8493203449
2021-07-21,1035259.8493203449
2021-07-22,1035259.8493203449
2021-07-23,1035259.8493203449
2021-07-26,1035259.8493203449
2021-07-27,1035259.8493203449
2021-07-28,1035259.8493203449
2021-07-29,1035259.8493203449
2021-07-30,1035259.8493203449
2021-08-02,1035259.8493203449
2021-08-03,1035259.8493203449
2021-08-04,1035167.655481557
2021-08-05,1033065.4834224877
2021-08-06,1033065.4834224877
2021-08-09,1040087.5412657595
2021-08-10,1038853.8443293498
2021-08-11,1038853.8443293498
2021-08-12,1038853.8443293498
2021-08-13,1038853.8443293498
2021-08-16,1038853.8443293498
2021-08-17,1038853.8443293498
2021-08-18,1038853.8443293498
2021-08-19,1038853.8443293498
2021-08-20,1038853.8443293498
2021-08-23,1038853.8443293498
2021-08-24,1038853.8443293498
2021-08-25,1038853.8443293498
2021-08-26,1038853.8443293498
2021-08-27,1038853.8443293498
2021-08-30,1038853.8443293498
2021-08-31,1038853.8443293498
2021-09-01,1038853.8443293498
2021-09-02,1038853.8443293498
2021-09-03,1038853.8443293498
2021-09-07,1038853.8443293498
2021-09-08,1038853.8443293498
2021-09-09,1038853.8443293498
2021-09-10,1038853.8443293498
2021-09-13,1038853.8443293498
2021-09-14,1038853.8443293498
2021-09-15,1038853.8443293498
2021-09-16,1038853.8443293498
2021-09-17,1038853.8443293498
2021-09-20,1038853.8443293498
2021-09-21,1038853.8443293498
2021-09-22,1038853.8443293498
2021-09-23,1038853.8443293498
2021-09-24,1038853.8443293498
2021-09-27,1038853.8443293498
2021-09-28,1038853.8443293498
2021-09-29,1038853.8443293498
2021-09-30,1038853.8443293498
2021-10-01,1038853.8443293498
2021-10-04,1038853.8443293498
2021-10-05,1038853.8443293498
2021-10-06,1038853.8443293498
2021-10-07,1038853.8443293498
2021-10-08,1038853.8443293498
2021-10-11,1038853.8443293498
2021-10-12,1038728.8493253029
2021-10-13,1039213.703458088
2021-10-14,1038406.3592317118
2021-10-15,1040380.316289034
2021-10-18,1042099.5284203145
2021-10-19,1042099.5284203145
2021-10-20,1042099.5284203145
2021-10-21,1042099.5284203145
2021-10-22,1042099.5284203145
2021-10-25,1042099.5284203145
2021-10-26,1042099.5284203145
2021-10-27,1042099.5284203145
2021-10-28,1042099.5284203145
2021-10-29,1042099.5284203145
2021-11-01,1042099.5284203145
2021-11-02,1042099.5284203145
2021-11-03,1042099.5284203145
2021-11-04,1041911.857747613
2021-11-05,1043439.0477147624
2021-11-08,1043191.4193959682
2021-11-09,1041753.817141486
2021-11-10,1042561.850231847
2021-11-11,1042561.850231847
2021-11-12,1042561.850231847
2021-11-15,1042561.850231847
2021-11-16,1042561.850231847
2021-11-17,1042561.850231847
2021-11-18,1042561.850231847
2021-11-19,1042561.850231847
2021-11-22,1042561.850231847
2021-11-23,1042561.850231847
2021-11-24,1042561.850231847
2021-11-26,1042444.0434722155
2021-11-29,1040645.8132406295
2021-11-30,1040007.4347136718
2021-12-01,1039868.4663117941
2021-12-02,1039960.3663842945
2021-12-03,1039109.3335419188
2021-12-06,1038471.8819801741
2021-12-07,1040931.9423460497
2021-12-08,1040062.8840140895
2021-12-09,1040659.1652025399
2021-12-10,1040413.7455476099
2021-12-13,1039885.4617913014
2021-12-14,1039490.7106656426
2021-12-15,1039319.0639402325
2021-12-16,1040609.5691488034
2021-12-17,1039716.4279536526
2021-12-20,1038344.4470184817
2021-12-21,1038903.2356661265
2021-12-22,1039856.9972182123
2021-12-23,1039789.2612112145
2021-12-27,1039323.5672921746
2021-12-28,1038813.4315904691
2021-12-29,1038131.5209188852
2021-12-30,1038339.8526008967
2021-12-31,1037081.968301162
2022-01-03,1038107.3807129044
2022-01-04,1038194.0365966391
2022-01-05,1038194.0365966391
2022-01-06,1038194.0365966391
2022-01-07,1038194.0365966391
2022-01-10,1038194.0365966391
2022-01-11,1038194.0365966391
2022-01-12,1038194.0365966391
2022-01-13,1038194.0365966391
2022-01-14,1038007.9520629261
2022-01-18,1038790.2926972761
2022-01-19,1040734.7336822381
2022-01-20,1040617.9578803912
2022-01-21,1041271.4565509009
2022-01-24,1041458.8175206049
2022-01-25,1041603.2881897923
2022-01-26,1041174.0464204889
2022-01-27,1041491.7788703503
2022-01-28,1042884.735271088
2022-01-31,1042559.4248251154
2022-02-01,1040903.5839543806
2022-02-02,1041064.8736524644
2022-02-03,1040655.4543227737
2022-02-04,1035252.6518129343
2022-02-07,1033083.2818540019
2022-02-08,1034085.8530094108
2022-02-09,1034233.7410530973
2022-02-10,1034233.7410530973
2022-02-11,1034233.7410530973
2022-02-14,1034233.7410530973
2022-02-15,1034233.7410530973
2022-02-16,1034233.7410530973
2022-02-17,1034233.7410530973
2022-02-18,1034233.7410530973
2022-02-22,1034233.7410530973
2022-02-23,1034233.7410530973
2022-02-24,1034233.7410530973
2022-02-25,1034233.7410530973
2022-02-28,1034233.7410530973
2022-03-01,1034233.7410530973
2022-03-02,1034233.7410530973
2022-03-03,1034233.7410530973
2022-03-04,1034233.7410530973
2022-03-07,1034233.7410530973
2022-03-08,1034233.7410530973
2022-03-09,1020493.0688149611
2022-03-10,1018899.2891361681
2022-03-11,1018417.9625893696
2022-03-14,1017141.1934598342
2022-03-15,1017141.1934598342
2022-03-16,1017141.1934598342
2022-03-17,1017141.1934598342
2022-03-18,1017141.1934598342
2022-03-21,1017141.1934598342
2022-03-22,1017141.1934598342
2022-03-23,1017141.1934598342
2022-03-24,1017141.1934598342
2022-03-25,1017141.1934598342
2022-03-28,1017141.1934598342
2022-03-29,1017141.1934598342
2022-03-30,1017141.1934598342
2022-03-31,1017141.1934598342
2022-04-01,1017141.1934598342
2022-04-04,1017141.1934598342
2022-04-05,1017104.837593569
2022-04-06,1019915.4361115841
2022-04-07,1020137.7665101248
2022-04-08,1021375.4951806624
2022-04-11,1022334.48806346
2022-04-12,1025919.5513704305
2022-04-13,1025845.2218270331
2022-04-14,1025793.4544393152
2022-04-18,1027440.6538301901
2022-04-19,1028077.7714354828
2022-04-20,1031035.4909006914
2022-04-21,1030334.6706488463
2022-04-22,1030540.8634937785
2022-04-25,1030582.6986722095
2022-04-26,1030398.4401636916
2022-04-27,1030357.8344404658
2022-04-28,1030453.0919988224
2022-04-29,1030535.2203842433
2022-05-02,1030507.8104790881
2022-05-03,1030509.1832173488
2022-05-04,1030509.2375544729
2022-05-05,1030497.0098643145
2022-05-06,1030503.0282607697
2022-05-09,1030505.2699318726
2022-05-10,1030504.4609640876
2022-05-11,1030504.4044202956
2022-05-12,1030503.2823047609
2022-05-13,1030500.5560126681
2022-05-16,1030501.2901926606
2022-05-17,1030500.8474255682
2022-05-18,1030501.3093193283
2022-05-19,1030499.9697225654
2022-05-20,1030499.8983924391
2022-05-23,1030499.9543811382
2022-05-24,1030499.9345483368
2022-05-25,1030499.559806346
2022-05-26,1030499.6907663875
2022-05-27,1030499.6758738676
2022-05-31,1030499.7778040563
2022-06-01,1030499.8308033755
2022-06-02,1030499.9079645736
2022-06-03,1030499.8966078194
2022-06-06,1030499.9401617019
2022-06-07,1030499.9728743192
2022-06-08,1030499.987667676
2022-06-09,1030500.0017681622
2022-06-10,1030500.0016015349
2022-06-13,1030500.003012467
2022-06-14,1030500.0009139011
2022-06-15,1030500.0047227438
2022-06-16,1030500.0005219697
2022-06-17,1030499.9944862555
2022-06-21,1030552.613340684
2022-06-22,1031069.5375091918
2022-06-23,1030717.6664810966
2022-06-24,1029017.1537490924
2022-06-27,1029335.9985166409
2022-06-28,1029871.7164589546
2022-06-29,1030750.6927416432
2022-06-30,1031529.1438371202
2022-07-01,1030375.832631057
2022-07-05,1030453.3906510138
2022-07-06,1029995.2307286571
2022-07-07,1030634.3666693254
2022-07-08,1030558.2331397041
2022-07-11,1031115.4937589375
2022-07-12,1032676.6913361336
2022-07-13,1031725.8988253018
2022-07-14,1033021.39608208
2022-07-15,1034944.5018654274
2022-07-18,1032961.3228457553
2022-07-19,1032703.2014030733
2022-07-20,1032587.7650451342
2022-07-21,1033207.3491903151
2022-07-22,1029268.3325605188
2022-07-25,1026847.1013932892
2022-07-26,1026847.1013932892
2022-07-27,1026847.1013932892
2022-07-28,1026847.1013932892
2022-07-29,1026847.1013932892
2022-08-01,1026847.1013932892
2022-08-02,1026847.1013932892
2022-08-03,1026847.1013932892
2022-08-04,1026804.8506392342
2022-08-05,1029382.1429116827
2022-08-08,1024642.5517917807
2022-08-09,1025041.620848467
2022-08-10,1024764.4353951311
2022-08-11,1026582.5772447716
2022-08-12,1026447.3226211206
2022-08-15,1026211.3278414662
2022-08-16,1026315.484415764
2022-08-17,1025428.5601319089
2022-08-18,1024903.0539602618
2022-08-19,1024903.0539602618
2022-08-22,1024903.0539602618
2022-08-23,1024885.4550124207
2022-08-24,1023464.2183083715
2022-08-25,1023130.0493782627
2022-08-26,1022374.658210234
2022-08-29,1023770.2638094452
2022-08-30,1025339.3910844534
2022-08-31,1025540.6388448933
2022-09-01,1026360.2272474277
2022-09-02,1027504.9852124682
2022-09-06,1028013.9346570481
2022-09-07,1031982.013563801
2022-09-08,1033406.7916324876
2022-09-09,1033010.1261550883
2022-09-12,1031172.6388633946
2022-09-13,1031146.6847779218
2022-09-14,1032207.7526913245
2022-09-15,1031343.8470575107
2022-09-16,1031601.6773926129
2022-09-19,1031251.6789655446
2022-09-20,1031518.8462710449
2022-09-21,1031733.2914873818
2022-09-22,1031733.2914873818
2022-09-23,1031733.2914873818
2022-09-26,1031733.2914873818
2022-09-27,1031733.2914873818
2022-09-28,1031733.2914873818
2022-09-29,1031733.2914873818
2022-09-30,1031733.2914873818
2022-10-03,1031733.2914873818
2022-10-04,1031733.2914873818
2022-10-05,1031733.2914873818
2022-10-06,1031733.2914873818
2022-10-07,1031733.2914873818
2022-10-10,1031733.2914873818
2022-10-11,1031733.2914873818
2022-10-12,1031733.2914873818
2022-10-13,1031733.2914873818
2022-10-14,1031733.2914873818
2022-10-17,1031733.2914873818
2022-10-18,1031733.2914873818
2022-10-19,1031733.2914873818
2022-10-20,1031733.2914873818
2022-10-21,1031733.2914873818
2022-10-24,1031733.2914873818
2022-10-25,1031733.2914873818
2022-10-26,1031733.2914873818
2022-10-27,1031733.2914873818
2022-10-28,1031733.2914873818
2022-10-31,1031733.2914873818
2022-11-01,1031733.2914873818
2022-11-02,1031733.2914873818
2022-11-03,1031733.2914873818
2022-11-04,1031733.2914873818
2022-11-07,1031733.2914873818
2022-11-08,1031733.2914873818
2022-11-09,1031733.2914873818
2022-11-10,1031733.2914873818
2022-11-11,1031733.2914873818
2022-11-14,1031733.2914873818
2022-11-15,1031733.2914873818
2022-11-16,1031733.2914873818
2022-11-17,1031733.2914873818
2022-11-18,1031733.2914873818
2022-11-21,1031733.2914873818
2022-11-22,1031733.2914873818
2022-11-23,1031733.2914873818
2022-11-25,1031733.2914873818
2022-11-28,1031733.2914873818
2022-11-29,1031733.2914873818
2022-11-30,1031733.2914873818
2022-12-01,1031733.2914873818
2022-12-02,1031733.2914873818
2022-12-05,1031733.2914873818
2022-12-06,1031733.2914873818
2022-12-07,1031733.2914873818
2022-12-08,1031733.2914873818
2022-12-09,1031733.2914873818
2022-12-12,1031733.2914873818
2022-12-13,1031733.2914873818
2022-12-14,1031733.2914873818
2022-12-15,1031733.2914873818
2022-12-16,1031733.2914873818
2022-12-19,1031733.2914873818
2022-12-20,1031733.2914873818
2022-12-21,1031733.2914873818
2022-12-22,1031733.2914873818
2022-12-23,1031733.2914873818
2022-12-27,1031733.2914873818
2022-12-28,1031733.2914873818
2022-12-29,1031733.2914873818
2022-12-30,1031733.2914873818
2023-01-03,1031733.2914873818
2023-01-04,1031733.2914873818
2023-01-05,1031733.2914873818
2023-01-06,1031733.2914873818
2023-01-09,1031733.2914873818
2023-01-10,1031733.2914873818
2023-01-11,1031733.2914873818
2023-01-12,1031733.2914873818
2023-01-13,1031733.2914873818
2023-01-17,1031733.2914873818
2023-01-18,1031733.2914873818
2023-01-19,1031733.2914873818
2023-01-20,1031733.2914873818
2023-01-23,1031733.2914873818
2023-01-24,1031733.2914873818
2023-01-25,1031733.2914873818
2023-01-26,1031733.2914873818
2023-01-27,1031733.2914873818
2023-01-30,1031733.2914873818
2023-01-31,1031733.2914873818
2023-02-01,1031733.2914873818
2023-02-02,1031733.2914873818
2023-02-03,1031733.2914873818
2023-02-06,1031733.2914873818
2023-02-07,1031733.2914873818
2023-02-08,1031733.2914873818
2023-02-09,1031733.2914873818
2023-02-10,1031733.2914873818
2023-02-13,1031733.2914873818
2023-02-14,1031733.2914873818
2023-02-15,1031733.2914873818
2023-02-16,1031733.2914873818
2023-02-17,1031733.2914873818
2023-02-21,1031733.2914873818
2023-02-22,1031733.2914873818
2023-02-23,1031733.2914873818
2023-02-24,1031733.2914873818
2023-02-27,1031733.2914873818
2023-02-28,1031733.2914873818
2023-03-01,1031733.2914873818
2023-03-02,1031733.2914873818
2023-03-03,1031733.2914873818
2023-03-06,1031733.2914873818
2023-03-07,1031733.2914873818
2023-03-08,1031733.2914873818
2023-03-09,1031733.2914873818
2023-03-10,1031733.2914873818
2023-03-13,1031733.2914873818
2023-03-14,1031733.2914873818
2023-03-15,1031733.2914873818
2023-03-16,1031733.2914873818
2023-03-17,1031733.2914873818
2023-03-20,1031733.2914873818
2023-03-21,1031733.2914873818
2023-03-22,1031733.2914873818
2023-03-23,1031733.2914873818
2023-03-24,1031733.2914873818
2023-03-27,1031733.2914873818
2023-03-28,1031733.2914873818
2023-03-29,1031733.2914873818
2023-03-30,1031733.2914873818
2023-03-31,1031733.2914873818
2023-04-03,1031733.2914873818
2023-04-04,1031733.2914873818
2023-04-05,1031733.2914873818
2023-04-06,1031733.2914873818
2023-04-10,1031733.2914873818
2023-04-11,1031733.2914873818
2023-04-12,1031733.2914873818
2023-04-13,1031733.2914873818
2023-04-14,1031733.2914873818
2023-04-17,1031733.2914873818
2023-04-18,1031733.2914873818
2023-04-19,1031733.2914873818
2023-04-20,1031733.2914873818
2023-04-21,1031733.2914873818
2023-04-24,1031733.2914873818
2023-04-25,1031733.2914873818
2023-04-26,1031733.2914873818
2023-04-27,1031733.2914873818
2023-04-28,1031733.2914873818
2023-05-01,1031577.8283321555
2023-05-02,1032520.280843094
2023-05-03,1029294.4630664871
2023-05-04,1029294.4630664871
2023-05-05,1023452.2262925658
2023-05-08,1024465.3426562547
2023-05-09,1024465.3426562547
2023-05-10,1024465.3426562547
2023-05-11,1024465.3426562547
2023-05-12,1024465.3426562547
2023-05-15,1024465.3426562547
2023-05-16,1024431.4882803833
2023-05-17,1025559.1706894737
2023-05-18,1025559.1706894737
2023-05-19,1025559.1706894737
2023-05-22,1025559.1706894737
2023-05-23,1025559.1706894737
2023-05-24,1025559.1706894737
2023-05-25,1025559.1706894737
2023-05-26,1025559.1706894737
2023-05-30,1025559.1706894737
2023-05-31,1025559.1706894737
2023-06-01,1025559.1706894737
2023-06-02,1025559.1706894737
2023-06-05,1025559.1706894737
2023-06-06,1025559.1706894737
2023-06-07,1025559.1706894737
2023-06-08,1025559.1706894737
2023-06-09,1025559.1706894737
2023-06-12,1025559.1706894737
2023-06-13,1025559.1706894737
2023-06-14,1025559.1706894737
2023-06-15,1025559.1706894737
2023-06-16,1025559.1706894737
2023-06-20,1025559.1706894737
2023-06-21,1025559.1706894737
2023-06-22,1025559.1706894737
2023-06-23,1025559.1706894737
2023-06-26,1025559.1706894737
2023-06-27,1025559.1706894737
2023-06-28,1025559.1706894737
2023-06-29,1025559.1706894737
2023-06-30,1025559.1706894737
2023-07-03,1025559.1706894737
2023-07-05,1025559.1706894737
2023-07-06,1025559.1706894737
2023-07-07,1025559.1706894737
2023-07-10,1025559.1706894737
2023-07-11,1025559.1706894737
2023-07-12,1025559.1706894737
2023-07-13,1025559.1706894737
2023-07-14,1025559.1706894737
2023-07-17,1025559.1706894737
2023-07-18,1025559.1706894737
2023-07-19,1025559.1706894737
2023-07-20,1025559.1706894737
2023-07-21,1025559.1706894737
2023-07-24,1025559.1706894737
2023-07-25,1025559.1706894737
2023-07-26,1025559.1706894737
2023-07-27,1025559.1706894737
2023-07-28,1025559.1706894737
2023-07-31,1025559.1706894737
2023-08-01,1025559.1706894737
2023-08-02,1025559.1706894737
2023-08-03,1025559.1706894737
2023-08-04,1025559.1706894737
2023-08-07,1025559.1706894737
2023-08-08,1025559.1706894737
2023-08-09,1025559.1706894737
2023-08-10,1025559.1706894737
2023-08-11,1025559.1706894737
2023-08-14,1025559.1706894737
2023-08-15,1025559.1706894737
2023-08-16,1025559.1706894737
2023-08-17,1025559.1706894737
2023-08-18,1025559.1706894737
2023-08-21,1025559.1706894737
2023-08-22,1025559.1706894737
2023-08-23,1025559.1706894737
2023-08-24,1025559.1706894737
2023-08-25,1025559.1706894737
2023-08-28,1025559.1706894737
2023-08-29,1025559.1706894737
2023-08-30,1025559.1706894737
2023-08-31,1025559.1706894737
2023-09-01,1025559.1706894737
2023-09-05,1025559.1706894737
2023-09-06,1025559.1706894737
2023-09-07,1025559.1706894737
2023-09-08,1025559.1706894737
2023-09-11,1025559.1706894737
2023-09-12,1025559.1706894737
2023-09-13,1025559.1706894737
2023-09-14,1025559.1706894737
2023-09-15,1025559.1706894737
2023-09-18,1025559.1706894737
2023-09-19,1025559.1706894737
2023-09-20,1025559.1706894737
2023-09-21,1025559.1706894737
2023-09-22,1025559.1706894737
2023-09-25,1025559.1706894737
2023-09-26,1025559.1706894737
2023-09-27,1025559.1706894737
2023-09-28,1025559.1706894737
2023-09-29,1025559.1706894737
2023-10-02,1025559.1706894737
2023-10-03,1025559.1706894737
2023-10-04,1025559.1706894737
2023-10-05,1025559.1706894737
2023-10-06,1025559.1706894737
2023-10-09,1025559.1706894737
2023-10-10,1025559.1706894737
2023-10-11,1025559.1706894737
2023-10-12,1025559.1706894737
2023-10-13,1025559.1706894737
2023-10-16,1025559.1706894737
2023-10-17,1025559.1706894737
2023-10-18,1025559.1706894737
2023-10-19,1025559.1706894737
2023-10-20,1025559.1706894737
2023-10-23,1025559.1706894737
2023-10-24,1025559.1706894737
2023-10-25,1025559.1706894737
2023-10-26,1025559.1706894737
2023-10-27,1025559.1706894737
2023-10-30,1025559.1706894737
2023-10-31,1025559.1706894737
2023-11-01,1025559.1706894737
2023-11-02,1025559.1706894737
2023-11-03,1025559.1706894737
2023-11-06,1025559.1706894737
2023-11-07,1025559.1706894737
2023-11-08,1025559.1706894737
2023-11-09,1025559.1706894737
2023-11-10,1025559.1706894737
2023-11-13,1025559.1706894737
2023-11-14,1025559.1706894737
2023-11-15,1025559.1706894737
2023-11-16,1025559.1706894737
2023-11-17,1025559.1706894737
2023-11-20,1025559.1706894737
2023-11-21,1025559.1706894737
2023-11-22,1025559.1706894737
2023-11-24,1025559.1706894737
2023-11-27,1025559.1706894737
2023-11-28,1025559.1706894737
2023-11-29,1025559.1706894737
2023-11-30,1025559.1706894737
2023-12-01,1025559.1706894737
2023-12-04,1025559.1706894737
2023-12-05,1025559.1706894737
2023-12-06,1025559.1706894737
2023-12-07,1025559.1706894737
2023-12-08,1025559.1706894737
2023-12-11,1025559.1706894737
2023-12-12,1025559.1706894737
2023-12-13,1025559.1706894737
2023-12-14,1025559.1706894737
2023-12-15,1025559.1706894737
2023-12-18,1025559.1706894737
2023-12-19,1027291.8579491939
2023-12-20,1023155.7136692851
2023-12-21,1024177.9855983533
2023-12-22,1024177.9855983533
2023-12-26,1024177.9855983533
2023-12-27,1024177.9855983533
2023-12-28,1024177.9855983533
2023-12-29,1024177.9855983533
2024-01-02,1024177.9855983533
2024-01-03,1024177.9855983533
2024-01-04,1024177.9855983533
2024-01-05,1024177.9855983533
2024-01-08,1024177.9855983533
2024-01-09,1024177.9855983533
2024-01-10,1024177.9855983533
2024-01-11,1024177.9855983533
2024-01-12,1024177.9855983533
2024-01-16,1024177.9855983533
2024-01-17,1024177.9855983533
2024-01-18,1024177.9855983533
2024-01-19,1024177.9855983533
2024-01-22,1024177.9855983533
2024-01-23,1024177.9855983533
2024-01-24,1024177.9855983533
2024-01-25,1024177.9855983533
2024-01-26,1024177.9855983533
2024-01-29,1024177.9855983533
2024-01-30,1024177.9855983533
2024-01-31,1024177.9855983533
2024-02-01,1024177.9855983533
2024-02-02,1024177.9855983533
2024-02-05,1024177.9855983533
2024-02-06,1024177.9855983533
2024-02-07,1024177.9855983533
2024-02-08,1024177.9855983533
2024-02-09,1024177.9855983533
2024-02-12,1024177.9855983533
2024-02-13,1024177.9855983533
2024-02-14,1024101.647476503
2024-02-15,1022885.8830684389
2024-02-16,1022885.8830684389
2024-02-20,1022885.8830684389
2024-02-21,1022885.8830684389
2024-02-22,1022885.8830684389
2024-02-23,1022885.8830684389
2024-02-26,1022885.8830684389
2024-02-27,1022885.8830684389
2024-02-28,1022885.8830684389
2024-02-29,1022885.8830684389
2024-03-01,1031634.0031149302
2024-03-04,1030961.6841758922
2024-03-05,1030961.6841758922
2024-03-06,1030961.6841758922
2024-03-07,1030961.6841758922
2024-03-08,1030961.6841758922
2024-03-11,1030819.8889161507
2024-03-12,1031298.1106637735
2024-03-13,1031296.6752272425
2024-03-14,1031296.6752272425
2024-03-15,1031296.6752272425
2024-03-18,1031296.6752272425
2024-03-19,1031296.6752272425
2024-03-20,1031296.6752272425
2024-03-21,1031296.6752272425
2024-03-22,1031296.6752272425
2024-03-25,1031296.6752272425
2024-03-26,1031296.6752272425
2024-03-27,1031296.6752272425
2024-03-28,1031296.6752272425
2024-04-01,1031296.6752272425
2024-04-02,1031296.6752272425
2024-04-03,1031296.6752272425
2024-04-04,1031296.6752272425
2024-04-05,1031296.6752272425
2024-04-08,1031296.6752272425
2024-04-09,1031296.6752272425
2024-04-10,1031296.6752272425
2024-04-11,1031296.6752272425
2024-04-12,1031296.6752272425
2024-04-15,1031296.6752272425
2024-04-16,1031296.6752272425
2024-04-17,1031296.6752272425
2024-04-18,1031296.6752272425
2024-04-19,1031296.6752272425
2024-04-22,1031296.6752272425
2024-04-23,1031296.6752272425
2024-04-24,1031296.6752272425
2024-04-25,1031296.6752272425
2024-04-26,1031296.6752272425
2024-04-29,1031296.6752272425
2024-04-30,1031296.6752272425
2024-05-01,1031296.6752272425
2024-05-02,1031296.6752272425
2024-05-03,1031296.6752272425
2024-05-06,1031296.6752272425
2024-05-07,1031296.6752272425
2024-05-08,1031296.6752272425
2024-05-09,1031296.6752272425
2024-05-10,1031296.6752272425
2024-05-13,1031296.6752272425
2024-05-14,1031296.6752272425
2024-05-15,1031296.6752272425
2024-05-16,1031296.6752272425
2024-05-17,1031296.6752272425
2024-05-20,1031296.6752272425
2024-05-21,1031296.6752272425
2024-05-22,1031296.6752272425
2024-05-23,1031296.6752272425
2024-05-24,1031266.0346897957
2024-05-28,1030929.0626980258
2024-05-29,1032026.7824013379
2024-05-30,1032937.6391048029
2024-05-31,1031213.3740292628
2024-06-03,1031810.917878299
2024-06-04,1025105.2698646662
2024-06-05,1025105.2698646662
2024-06-06,1025105.2698646662
2024-06-07,1025105.2698646662
2024-06-10,1025105.2698646662
2024-06-11,1025074.8348264933
2024-06-12,1025226.5215793541
2024-06-13,1024907.5584896392
2024-06-14,1025250.585834872
2024-06-17,1025687.7318664734
2024-06-18,1025848.7772687848
2024-06-20,1026118.5905528001
2024-06-21,1027123.9534980227
2024-06-24,1027123.9534980227
2024-06-25,1027123.9534980227
2024-06-26,1027123.9534980227
2024-06-27,1027123.9534980227
2024-06-28,1027123.9534980227
2024-07-01,1027123.9534980227
2024-07-02,1027123.9534980227
2024-07-03,1027123.9534980227
2024-07-05,1027123.9534980227
2024-07-08,1027123.9534980227
2024-07-09,1027123.9534980227
2024-07-10,1027123.9534980227
2024-07-11,1027123.9534980227
2024-07-12,1027123.9534980227
2024-07-15,1027123.9534980227
2024-07-16,1027123.9534980227
2024-07-17,1027123.9534980227
2024-07-18,1027123.9534980227
2024-07-19,1027123.9534980227
2024-07-22,1027123.9534980227
2024-07-23,1027123.9534980227
2024-07-24,1027123.9534980227
2024-07-25,1027123.9534980227
2024-07-26,1027123.9534980227
2024-07-29,1027123.9534980227
2024-07-30,1027123.9534980227
2024-07-31,1027123.9534980227
2024-08-01,1027123.9534980227
2024-08-02,1027123.9534980227
2024-08-05,1027123.9534980227
2024-08-06,1027123.9534980227
2024-08-07,1027123.9534980227
2024-08-08,1027123.9534980227
2024-08-09,1027123.9534980227
2024-08-12,1027123.9534980227
2024-08-13,1027123.9534980227
2024-08-14,1027123.9534980227
2024-08-15,1027123.9534980227
2024-08-16,1027123.9534980227
2024-08-19,1027123.9534980227
2024-08-20,1027123.9534980227
2024-08-21,1027123.9534980227
2024-08-22,1027123.9534980227
2024-08-23,1027123.9534980227
2024-08-26,1027123.9534980227
2024-08-27,1027123.9534980227
2024-08-28,1027123.9534980227
2024-08-29,1027123.9534980227
2024-08-30,1027123.9534980227
2024-09-03,1027123.9534980227
2024-09-04,1027123.9534980227
2024-09-05,1027123.9534980227
2024-09-06,1027123.9534980227
2024-09-09,1027123.9534980227
2024-09-10,1027123.9534980227
2024-09-11,1027123.9534980227
2024-09-12,1027123.9534980227
2024-09-13,1027123.9534980227
2024-09-16,1027123.9534980227
2024-09-17,1027123.9534980227
2024-09-18,1027123.9534980227
2024-09-19,1027123.9534980227
2024-09-20,1027123.9534980227
2024-09-23,1027123.9534980227
2024-09-24,1027123.9534980227
2024-09-25,1027123.9534980227
2024-09-26,1027123.9534980227
2024-09-27,1027123.9534980227
2024-09-30,1027123.9534980227
2024-10-01,1027123.9534980227
2024-10-02,1027123.9534980227
2024-10-03,1027123.9534980227
2024-10-04,1027123.9534980227
2024-10-07,1027123.9534980227
2024-10-08,1027123.9534980227
2024-10-09,1027123.9534980227
2024-10-10,1027123.9534980227
2024-10-11,1027123.9534980227
2024-10-14,1027123.9534980227
2024-10-15,1027123.9534980227
2024-10-16,1027123.9534980227
2024-10-17,1027123.9534980227
2024-10-18,1027123.9534980227
2024-10-21,1027123.9534980227
2024-10-22,1027123.9534980227
2024-10-23,1027123.9534980227
2024-10-24,1027123.9534980227
2024-10-25,1027123.9534980227
2024-10-28,1027123.9534980227
2024-10-29,1027123.9534980227
2024-10-30,1027123.9534980227
2024-10-31,1027123.9534980227
2024-11-01,1027123.9534980227
2024-11-04,1027123.9534980227
2024-11-05,1027123.9534980227
2024-11-06,1027123.9534980227
2024-11-07,1027123.9534980227
2024-11-08,1027123.9534980227
2024-11-11,1027123.9534980227
2024-11-12,1027123.9534980227
2024-11-13,1027123.9534980227
2024-11-14,1027123.9534980227
2024-11-15,1027123.9534980227
2024-11-18,1027123.9534980227
2024-11-19,1027123.9534980227
2024-11-20,1027123.9534980227
2024-11-21,1027123.9534980227
2024-11-22,1027123.9534980227
2024-11-25,1027123.9534980227
2024-11-26,1027123.9534980227
2024-11-27,1027123.9534980227
2024-11-29,1027123.9534980227
2024-12-02,1027123.9534980227
2024-12-03,1027123.9534980227
2024-12-04,1027123.9534980227
2024-12-05,1027123.9534980227
2024-12-06,1027123.9534980227
2024-12-09,1027123.9534980227
2024-12-10,1027123.9534980227
2024-12-11,1027123.9534980227
2024-12-12,1027123.9534980227
2024-12-13,1027123.9534980227
2024-12-16,1027123.9534980227
2024-12-17,1027123.9534980227
2024-12-18,1027123.9534980227
2024-12-19,1027123.9534980227
2024-12-20,1027123.9534980227
2024-12-23,1027123.9534980227
2024-12-24,1027123.9534980227
2024-12-26,1027123.9534980227
2024-12-27,1027123.9534980227
2024-12-30,1027123.9534980227
2024-12-31,1027123.9534980227
2025-01-02,1027123.9534980227
2025-01-03,1027123.9534980227
2025-01-06,1027123.9534980227
2025-01-07,1027123.9534980227
2025-01-08,1027123.9534980227
2025-01-09,1027123.9534980227
2025-01-10,1027123.9534980227
2025-01-13,1027123.9534980227
2025-01-14,1027123.9534980227
2025-01-15,1027123.9534980227
2025-01-16,1027123.9534980227
2025-01-17,1027123.9534980227
2025-01-21,1027123.9534980227
2025-01-22,1027123.9534980227
2025-01-23,1027123.9534980227
2025-01-24,1027123.9534980227
2025-01-27,1027123.9534980227
2025-01-28,1027123.9534980227
2025-01-29,1027123.9534980227
2025-01-30,1027123.9534980227
2025-01-31,1027123.9534980227
2025-02-03,1027123.9534980227
2025-02-04,1027123.9534980227
2025-02-05,1027123.9534980227
2025-02-06,1027123.9534980227
2025-02-07,1027123.9534980227
2025-02-10,1027123.9534980227
2025-02-11,1027123.9534980227
2025-02-12,1027123.9534980227
2025-02-13,1027123.9534980227
2025-02-14,1027123.9534980227
2025-02-18,1027123.9534980227
2025-02-19,1027123.9534980227
2025-02-20,1027123.9534980227
2025-02-21,1027123.9534980227
2025-02-24,1027123.9534980227
2025-02-25,1027123.9534980227
2025-02-26,1027060.0409037307
2025-02-27,1022702.6658661431
2025-02-28,1018581.4659737084
2025-03-03,1016467.8686762169
2025-03-04,1020454.4064215282
2025-03-05,1019067.5118917183
2025-03-06,1023256.0640836845
2025-03-07,1023183.429520858
2025-03-10,1024522.054691207
2025-03-11,1025967.7189833915
2025-03-12,1027075.0297023854
2025-03-13,1026100.1715155622
2025-03-14,1026972.675426467
2025-03-17,1025161.1157102685
2025-03-18,1022988.146937455
2025-03-19,1022895.090793259
2025-03-20,1023937.0795550715
2025-03-21,1023807.9218483017
2025-03-24,1022609.4683229858
2025-03-25,1021393.3834722204
2025-03-26,1022284.3721171326
2025-03-27,1022284.3721171326
2025-03-28,1022284.3721171326
2025-03-31,1022284.3721171326
2025-04-01,1022284.3721171326
2025-04-02,1022284.3721171326
2025-04-03,1022284.3721171326
2025-04-04,1022284.3721171326
2025-04-07,1022284.3721171326
2025-04-08,1022284.3721171326
2025-04-09,1022284.3721171326
2025-04-10,1022284.3721171326
2025-04-11,1022284.3721171326
2025-04-14,1022284.3721171326
2025-04-15,1022284.3721171326
2025-04-16,1022284.3721171326
2025-04-17,1022284.3721171326
2025-04-22,1022284.3721171326
2025-04-23,1022284.3721171326
2025-04-24,1022284.3721171326
2025-04-25,1022284.3721171326
2025-04-28,1022284.3721171326
2025-04-29,1022284.3721171326
2025-04-30,1022284.3721171326
2025-05-01,1022284.3721171326
2025-05-02,1022284.3721171326
2025-05-05,1022284.3721171326
2025-05-06,1022284.3721171326
2025-05-07,1022284.3721171326
2025-05-08,1022284.3721171326
2025-05-09,1022284.3721171326
2025-05-12,1022284.3721171326
2025-05-13,1022284.3721171326
2025-05-14,1022284.3721171326
2025-05-15,1022284.3721171326
2025-05-16,1022284.3721171326
2025-05-19,1022284.3721171326
2025-05-20,1022284.3721171326
2025-05-21,1022284.3721171326
2025-05-22,1022284.3721171326
2025-05-23,1022284.3721171326
2025-05-27,1022284.3721171326
2025-05-28,1022284.3721171326
2025-05-29,1022284.3721171326
2025-05-30,1022284.3721171326
2025-06-02,1022284.3721171326
2025-06-03,1022284.3721171326
2025-06-04,1022284.3721171326
2025-06-05,1022284.3721171326
2025-06-06,1022284.3721171326
2025-06-09,1022284.3721171326
2025-06-10,1022284.3721171326
2025-06-11,1022284.3721171326
2025-06-12,1022284.3721171326
2025-06-13,1022284.3721171326
2025-06-16,1022284.3721171326
2025-06-17,1022284.3721171326
2025-06-18,1022284.3721171326
2025-06-20,1022284.3721171326
2025-06-23,1022284.3721171326
2025-06-24,1022284.3721171326
2025-06-25,1022284.3721171326
2025-06-26,1022284.3721171326
2025-06-27,1022284.3721171326
2025-06-30,1022284.3721171326
2025-07-01,1022284.3721171326
2025-07-02,1022284.3721171326
2025-07-03,1022284.3721171326
2025-07-04,1022284.3721171326
2025-07-07,1022284.3721171326
2025-07-08,1022284.3721171326
2025-07-09,1022284.3721171326
2025-07-10,1022284.3721171326
2025-07-11,1022284.3721171326
2025-07-14,1022284.3721171326
2025-07-15,1022284.3721171326
2025-07-16,1022284.3721171326
2025-07-17,1022284.3721171326
2025-07-18,1022284.3721171326
2025-07-21,1022284.3721171326
2025-07-22,1022284.3721171326
2025-07-23,1022284.3721171326
2025-07-24,1022284.3721171326
2025-07-25,1022284.3721171326
2025-07-28,1022284.3721171326
2025-07-29,1022284.3721171326
2025-07-30,1022284.3721171326
2025-07-31,1022284.3721171326
2025-08-01,1022284.3721171326
2025-08-04,1022284.3721171326
2025-08-05,1022284.3721171326
2025-08-06,1022284.3721171326
2025-08-07,1022284.3721171326
2025-08-08,1022284.3721171326
2025-08-11,1022284.3721171326
2025-08-12,1022284.3721171326
2025-08-13,1022284.3721171326
2025-08-14,1022284.3721171326
2025-08-15,1022284.3721171326
2025-08-18,1022284.3721171326
2025-08-19,1022284.3721171326
2025-08-20,1022284.3721171326
2025-08-21,1022284.3721171326
2025-08-22,1022284.3721171326
2025-08-25,1022284.3721171326
2025-08-26,1022284.3721171326
2025-08-27,1022284.3721171326
2025-08-28,1022284.3721171326
2025-08-29,1022284.3721171326
2025-09-02,1022284.3721171326
2025-09-03,1022284.3721171326
2025-09-04,1022284.3721171326
2025-09-05,1022284.3721171326
2025-09-08,1022284.3721171326
2025-09-09,1022284.3721171326
2025-09-10,1022284.3721171326
2025-09-11,1022284.3721171326
2025-09-12,1022284.3721171326
2025-09-15,1022284.3721171326
2025-09-16,1022284.3721171326
2025-09-17,1022284.3721171326
2025-09-18,1022284.3721171326
2025-09-19,1022284.3721171326
2025-09-22,1022284.3721171326
2025-09-23,1022284.3721171326
2025-09-24,1022284.3721171326
2025-09-25,1022284.3721171326
2025-09-26,1022284.3721171326
2025-09-29,1022284.3721171326
2025-09-30,1022284.3721171326
2025-10-01,1022284.3721171326
2025-10-02,1022284.3721171326
2025-10-03,1022284.3721171326
2025-10-06,1022284.3721171326
2025-10-07,1022284.3721171326
2025-10-08,1022284.3721171326
2025-10-09,1022284.3721171326
2025-10-10,1022284.3721171326
2025-10-13,1022284.3721171326
2025-10-14,1022284.3721171326
2025-10-15,1022284.3721171326
2025-10-16,1022284.3721171326
2025-10-17,1022284.3721171326
